form	lemma	xpostag	upostag	feats	id	deprel	head
#  corpus: MNSZ2
#  hits: 35
#  query: word,(meet [lemma="vágyakozik" & msd="(IK\.)*IGE\.(_HAT\.)?[TI]?[MPF]?[et]?[123]?"] [msd="(IK\.)*IGE\.INF[123]?\*?"] -2 2) 35
#  ref: doc#150
#  left_length: 2
#  kwic_length: 1
#  right_length: 8
#  sent: És mintha vágyakoznék megismerni , beszélgetni talán nem is tudnánk .
És	és	[/Cnj]	CONJ	_	1	CONJ	3
mintha	mintha	[/Cnj]	CONJ	_	2	CONJ	3
vágyakoznék	vágyakozik	[/V][Cond.NDef.1Sg]	VERB	Definite=Ind|Mood=Cnd|Number=Sing|Person=1|Tense=Pres|VerbForm=Fin|Voice=Act	3	ROOT	0
megismerni	megismer	[/V][Inf]	VERB	VerbForm=Inf|Voice=Act	4	INF	3
,	,	[Punct]	PUNCT	_	5	PUNCT	3
beszélgetni	beszél	[/V][_Freq/V][Inf]	VERB	Aspect=Freq|VerbForm=Inf|Voice=Act	6	INF	10
talán	talán	[/Adv]	ADV	_	7	MODE	10
nem	nem	[/Adv]	ADV	PronType=Neg	8	NEG	10
is	is	[/Adv]	ADV	_	9	MODE	10
tudnánk	tud	[/V][Cond.NDef.1Pl]	VERB	Definite=Ind|Mood=Cnd|Number=Plur|Person=1|Tense=Pres|VerbForm=Fin|Voice=Act	10	COORD	3
.	.	[Punct]	PUNCT	_	11	PUNCT	0

#  ref: doc#237
#  left_length: 6
#  kwic_length: 1
#  right_length: 6
#  sent: Nem látván esélyt ezen változtatni , vágyakozom Rióba , Toszkánába , Nyugat-Berlinbe .
Nem	nem	[/Adv]	ADV	PronType=Neg	1	NEG	2
látván	lát	[/V][_AdvPerfPtcp/Adv]	ADV	_	2	TTO	5
esélyt	esély	[/N][Acc]	NOUN	Case=Acc|Number=Sing	3	OBJ	5
ezen	ez	[/Det|Pro][Supe]	PRON	Case=Sup|Number=Sing|Person=3|PronType=Dem	4	OBL	5
változtatni	változik	[/V][_Caus/V][Inf]	VERB	VerbForm=Inf|Voice=Cau	5	INF	7
,	,	[Punct]	PUNCT	_	6	PUNCT	7
vágyakozom	vágyakozik	[/V][Prs.NDef.1Sg]	VERB	Definite=Ind|Mood=Ind|Number=Sing|Person=1|Tense=Pres|VerbForm=Fin|Voice=Act	7	ROOT	0
Rióba	Rio	[/N][Ill]	PROPN	Case=Ill|Number=Sing	8	OBL	7
,	,	[Punct]	PUNCT	_	9	PUNCT	8
Toszkánába	Toszkána	[/N][Ill]	PROPN	Case=Ill|Number=Sing	10	COORD	8
,	,	[Punct]	PUNCT	_	11	PUNCT	10
Nyugat-Berlinbe	Nyugat-Berlin	[/N][Ill]	PROPN	Case=Ill|Number=Sing	12	COORD	10
.	.	[Punct]	PUNCT	_	13	PUNCT	0

#  ref: doc#362
#  left_length: 1
#  kwic_length: 1
#  right_length: 4
#  sent: Aki vágyakozik , élni akar .
Aki	aki	[/N|Pro|Rel][Nom]	PRON	Case=Nom|Number=Sing|Person=3|PronType=Rel	1	SUBJ	2
vágyakozik	vágyakozik	[/V][Prs.NDef.3Sg]	VERB	Definite=Ind|Mood=Ind|Number=Sing|Person=3|Tense=Pres|VerbForm=Fin|Voice=Act	2	ATT	5
,	,	[Punct]	PUNCT	_	3	PUNCT	2
élni	él	[/V][Inf]	VERB	VerbForm=Inf|Voice=Act	4	INF	5
akar	akar	[/V][Prs.NDef.3Sg]	VERB	Definite=Ind|Mood=Ind|Number=Sing|Person=3|Tense=Pres|VerbForm=Fin|Voice=Act	5	ROOT	0
.	.	[Punct]	PUNCT	_	6	PUNCT	0

#  ref: doc#619
#  left_length: 1
#  kwic_length: 1
#  right_length: 15
#  sent: Mindig vágyakoztam fölkeresni ezt a helyet , s most valahogy nem tudok mit kezdeni a pillanattal .
Mindig	mindig	[/Adv]	ADV	_	1	TLOCY	2
vágyakoztam	vágyakozik	[/V][Pst.Def.1Sg]	VERB	Definite=Def|Mood=Ind|Number=Sing|Person=1|Tense=Past|VerbForm=Fin|Voice=Act	2	ROOT	0
fölkeresni	fölkeres	[/V][Inf]	VERB	VerbForm=Inf|Voice=Act	3	INF	2
ezt	ez	[/Det|Pro][Acc]	PRON	Case=Acc|Number=Sing|Person=3|PronType=Dem	4	OBJ	6
a	a	[/Det|Art.Def]	DET	Definite=Def|PronType=Art	5	DET	6
helyet	hely	[/N][Acc]	NOUN	Case=Acc|Number=Sing	6	OBJ	3
,	,	[Punct]	PUNCT	_	7	PUNCT	2
s	s	[/Cnj]	CONJ	_	8	CONJ	2
most	most	[/Adv]	ADV	_	9	TLOCY	12
valahogy	valahogy	[/Adv|Pro]	PRON	Case=Nom|Number=Sing|Person=3|PronType=Prs	10	SUBJ	12
nem	nem	[/Adv]	ADV	PronType=Neg	11	NEG	12
tudok	tud	[/V][Prs.NDef.1Sg]	VERB	Definite=Ind|Mood=Ind|Number=Sing|Person=1|Tense=Pres|VerbForm=Fin|Voice=Act	12	COORD	8
mit	mi	[/N|Pro|Int][Acc]	PRON	Case=Acc|Number=Sing|Person=3|PronType=Prs	13	OBJ	14
kezdeni	kezd	[/V][Inf]	VERB	VerbForm=Inf|Voice=Act	14	INF	12
a	a	[/Det|Art.Def]	DET	Definite=Def|PronType=Art	15	DET	16
pillanattal	pillanat	[/N][Ins]	NOUN	Case=Ins|Number=Sing	16	OBL	14
.	.	[Punct]	PUNCT	_	17	PUNCT	0

#  ref: doc#732
#  left_length: 1
#  kwic_length: 1
#  right_length: 14
#  sent: Erősen vágyakoztam felmenni reá , de ehhez lajtorja kellett volna , s az nem volt .
Erősen	erős	[/Adj][_Manner/Adv]	ADJ	Case=Ess|Degree=Pos|Number=Sing	1	MODE	2
vágyakoztam	vágyakozik	[/V][Pst.NDef.1Sg]	VERB	Definite=Ind|Mood=Ind|Number=Sing|Person=1|Tense=Past|VerbForm=Fin|Voice=Act	2	ROOT	0
felmenni	felmegy	[/V][Inf]	VERB	VerbForm=Inf|Voice=Act	3	INF	2
reá	reá	[/Prev]	ADV	_	4	MODE	2
,	,	[Punct]	PUNCT	_	5	PUNCT	2
de	de	[/Cnj]	CONJ	_	6	CONJ	2
ehhez	ez	[/Det|Pro][All]	PRON	Case=All|Number=Sing|Person=3|PronType=Dem	7	OBL	10
lajtorja	lajtorja	[/N][Nom]	NOUN	Case=Nom|Number=Sing	8	SUBJ	10
kellett	kell	[/V][Pst.NDef.3Sg]	VERB	Definite=Ind|Mood=Ind|Number=Sing|Person=3|Tense=Past|VerbForm=Fin|Voice=Act	9	COORD	6
volna	volna	[/V]	VERB	Definite=Ind|Mood=Cnd|Number=Sing|Person=3|Tense=Pres|VerbForm=Fin|Voice=Act	10	INF	9
,	,	[Punct]	PUNCT	_	11	PUNCT	9
s	s	[/Cnj]	CONJ	_	12	CONJ	9
az	az	[/Det|Pro][Nom]	PRON	Case=Nom|Number=Sing|Person=3|PronType=Dem	13	SUBJ	15
nem	nem	[/Adv]	ADV	PronType=Neg	14	NEG	15
volt	van	[/V][Pst.NDef.3Sg]	VERB	Definite=Ind|Mood=Ind|Number=Sing|Person=3|Tense=Past|VerbForm=Fin|Voice=Act	15	COORD	12
.	.	[Punct]	PUNCT	_	16	PUNCT	0

#  ref: doc#735
#  left_length: 7
#  kwic_length: 1
#  right_length: 3
#  sent: Így lettem író , bár soha nem vágyakoztam azzá lenni .
Így	így	[/Adv|Pro]	PRON	Case=Nom|Number=Sing|Person=3|PronType=Prs	1	PRED	2
lettem	lesz	[/V][Pst.NDef.1Sg]	VERB	Definite=Ind|Mood=Ind|Number=Sing|Person=1|Tense=Past|VerbForm=Fin|Voice=Act	2	ROOT	0
író	író	[/N][Nom]	NOUN	Case=Nom|Number=Sing	3	PRED	2
,	,	[Punct]	PUNCT	_	4	PUNCT	2
bár	bár	[/Cnj]	SCONJ	_	5	CONJ	2
soha	soha	[/Adv]	ADV	_	6	TLOCY	8
nem	nem	[/Adv]	ADV	PronType=Neg	7	NEG	8
vágyakoztam	vágyakozik	[/V][Pst.NDef.1Sg]	VERB	Definite=Ind|Mood=Ind|Number=Sing|Person=1|Tense=Past|VerbForm=Fin|Voice=Act	8	ATT	5
azzá	az	[/Det|Pro][Transl]	PRON	Case=Tra|Number=Sing|Person=3|PronType=Dem	9	OBL	10
lenni	lesz	[/V][Inf]	VERB	VerbForm=Inf|Voice=Act	10	INF	8
.	.	[Punct]	PUNCT	_	11	PUNCT	0

#  ref: doc#736
#  left_length: 14
#  kwic_length: 1
#  right_length: 18
#  sent: Mivel én nemcsak módosan menni , hanem a nagy fényességben a tájékot látni is vágyakoztam , a kóbor oldalán feszegetni kezdtem a nádat , hogy a fonások között utat nyissak a szememnek .
Mivel	mivel	[/Cnj]	SCONJ	_	1	CONJ	21
én	én	[/N|Pro][1Sg][Nom]	PRON	Case=Nom|Number=Sing|Person=1|PronType=Prs	2	SUBJ	15
nemcsak	nemcsak	[/Adv]	ADV	_	3	MODE	4
módosan	módos	[/Adj][_Manner/Adv]	ADJ	Case=Ess|Degree=Pos|Number=Sing	4	MODE	5
menni	megy	[/V][Inf]	VERB	VerbForm=Inf|Voice=Act	5	INF	15
,	,	[Punct]	PUNCT	_	6	PUNCT	5
hanem	hanem	[/Cnj]	CONJ	_	7	CONJ	5
a	a	[/Det|Art.Def]	DET	Definite=Def|PronType=Art	8	DET	10
nagy	nagy	[/Adj][Nom]	ADJ	Case=Nom|Degree=Pos|Number=Sing	9	ATT	10
fényességben	fényesség	[/N][Ine]	NOUN	Case=Ine|Number=Sing	10	OBL	13
a	a	[/Det|Art.Def]	DET	Definite=Def|PronType=Art	11	DET	12
tájékot	tájék	[/N][Acc]	NOUN	Case=Acc|Number=Sing	12	OBJ	13
látni	lát	[/V][Inf]	VERB	VerbForm=Inf|Voice=Act	13	COORD	7
is	is	[/Adv]	ADV	_	14	MODE	13
vágyakoztam	vágyakozik	[/V][Pst.NDef.1Sg]	VERB	Definite=Ind|Mood=Ind|Number=Sing|Person=1|Tense=Past|VerbForm=Fin|Voice=Act	15	ATT	1
,	,	[Punct]	PUNCT	_	16	PUNCT	15
a	a	[/Det|Art.Def]	DET	Definite=Def|PronType=Art	17	DET	19
kóbor	kóbor	[/Adj][Nom]	ADJ	Case=Nom|Degree=Pos|Number=Sing	18	ATT	19
oldalán	oldal	[/N][Poss.3Sg][Supe]	NOUN	Case=Sup|Number=Sing|Number[psor]=Sing|Person[psor]=3	19	OBL	21
feszegetni	feszeget	[/V][Inf]	VERB	VerbForm=Inf|Voice=Act	20	INF	21
kezdtem	kezd	[/V][Pst.Def.1Sg]	VERB	Definite=Def|Mood=Ind|Number=Sing|Person=1|Tense=Past|VerbForm=Fin|Voice=Act	21	ROOT	0
a	a	[/Det|Art.Def]	DET	Definite=Def|PronType=Art	22	DET	23
nádat	nád	[/N][Acc]	NOUN	Case=Acc|Number=Sing	23	OBJ	20
,	,	[Punct]	PUNCT	_	24	PUNCT	21
hogy	hogy	[/Cnj]	SCONJ	_	25	CONJ	21
a	a	[/Det|Art.Def]	DET	Definite=Def|PronType=Art	26	DET	27
fonások	fonás	[/N][Pl][Nom]	NOUN	Case=Nom|Number=Plur	27	ATT	28
között	között	[/Post]	ADP	_	28	MODE	30
utat	út	[/N][Acc]	NOUN	Case=Acc|Number=Sing	29	OBJ	30
nyissak	nyit	[/V][Sbjv.NDef.1Sg]	VERB	Definite=Ind|Mood=Imp|Number=Sing|Person=1|Tense=Pres|VerbForm=Fin|Voice=Act	30	ATT	25
a	a	[/Det|Art.Def]	DET	Definite=Def|PronType=Art	31	DET	32
szememnek	szem	[/N][Poss.1Sg][Dat]	NOUN	Case=Dat|Number=Sing|Number[psor]=Sing|Person[psor]=1	32	DAT	30
.	.	[Punct]	PUNCT	_	33	PUNCT	0

#  ref: doc#738
#  left_length: 13
#  kwic_length: 1
#  right_length: 20
#  sent: Mert bizony én is sokat gyönyörködöm a gyermekekben , miközben ott is csúszkálni vágyakoznak , ahol nem lehet , s miközben játszanak az én csillogó havammal , és bolondos jókedvvel keringenek a jégen .
Mert	mert	[/Cnj]	SCONJ	_	1	CONJ	6
bizony	bizony	[/Adv]	ADV	_	2	MODE	6
én	én	[/N|Pro][1Sg][Nom]	PRON	Case=Nom|Number=Sing|Person=1|PronType=Prs	3	SUBJ	6
is	is	[/Adv]	ADV	_	4	MODE	6
sokat	sok	[/Num][Acc]	NUM	Case=Acc|Number=Sing|NumType=Card	5	MODE	6
gyönyörködöm	gyönyörködik	[/V][Prs.NDef.1Sg]	VERB	Definite=Ind|Mood=Ind|Number=Sing|Person=1|Tense=Pres|VerbForm=Fin|Voice=Act	6	ROOT	0
a	a	[/Det|Art.Def]	DET	Definite=Def|PronType=Art	7	DET	8
gyermekekben	gyermek	[/N][Pl][Ine]	NOUN	Case=Ine|Number=Plur	8	OBL	6
,	,	[Punct]	PUNCT	_	9	PUNCT	6
miközben	miközben	[/Adv|Pro|Rel]	PRON	Case=Nom|Number=Sing|Person=3|PronType=Rel	10	SUBJ	14
ott	ott	[/Adv|Pro]	PRON	Case=Nom|Number=Sing|Person=3|PronType=Prs	11	LOCY	13
is	is	[/Adv]	ADV	_	12	MODE	13
csúszkálni	csúszkál	[/V][Inf]	VERB	VerbForm=Inf|Voice=Act	13	INF	14
vágyakoznak	vágyakozik	[/V][Prs.NDef.3Pl]	VERB	Definite=Ind|Mood=Ind|Number=Plur|Person=3|Tense=Pres|VerbForm=Fin|Voice=Act	14	ATT	6
,	,	[Punct]	PUNCT	_	15	PUNCT	14
ahol	ahol	[/Adv|Pro|Rel]	PRON	Case=Nom|Number=Sing|Person=3|PronType=Rel	16	SUBJ	18
nem	nem	[/Adv]	ADV	PronType=Neg	17	NEG	18
lehet	van	[/V][_Mod/V][Prs.NDef.3Sg]	VERB	Definite=Ind|Mood=Pot|Number=Sing|Person=3|Tense=Pres|VerbForm=Fin|Voice=Act	18	ATT	14
,	,	[Punct]	PUNCT	_	19	PUNCT	18
s	s	[/Cnj]	CONJ	_	20	CONJ	18
miközben	miközben	[/Adv|Pro|Rel]	PRON	Case=Nom|Number=Sing|Person=3|PronType=Rel	21	SUBJ	22
játszanak	játszik	[/V][Prs.NDef.3Pl]	VERB	Definite=Ind|Mood=Ind|Number=Plur|Person=3|Tense=Pres|VerbForm=Fin|Voice=Act	22	COORD	20
az	az	[/Det|Art.Def]	DET	Definite=Def|PronType=Art	23	DET	26
én	én	[/N|Pro][1Sg][Nom]	PRON	Case=Nom|Number=Sing|Person=1|PronType=Prs	24	ATT	26
csillogó	csillogó	[/Adj][Nom]	ADJ	Case=Nom|Degree=Pos|Number=Sing	25	ATT	26
havammal	hó	[/N][Poss.1Sg][Ins]	NOUN	Case=Ins|Number=Sing|Number[psor]=Sing|Person[psor]=1	26	OBL	22
,	,	[Punct]	PUNCT	_	27	PUNCT	22
és	és	[/Cnj]	CONJ	_	28	CONJ	22
bolondos	bolondos	[/Adj][Nom]	ADJ	Case=Nom|Degree=Pos|Number=Sing	29	ATT	30
jókedvvel	jókedv	[/N][Ins]	NOUN	Case=Ins|Number=Sing	30	OBL	31
keringenek	kering	[/V][Prs.NDef.3Pl]	VERB	Definite=Ind|Mood=Ind|Number=Plur|Person=3|Tense=Pres|VerbForm=Fin|Voice=Act	31	COORD	28
a	a	[/Det|Art.Def]	DET	Definite=Def|PronType=Art	32	DET	33
jégen	jég	[/N][Supe]	NOUN	Case=Sup|Number=Sing	33	OBL	31
.	.	[Punct]	PUNCT	_	34	PUNCT	0

#  ref: doc#738
#  left_length: 29
#  kwic_length: 1
#  right_length: 36
#  sent: Ha leültem , felállani hajtott valami ; ha bent voltam ebben a kicsi házamban , ahol jelenleg is éppen írandó vagyok a nagy eseményről , akkor az udvarra kimenni vágyakoztam ; s amikor történetesen a kertben kerestem a hasznos munkát , olyankor egy fejcsóváló belső hangot hallottam , ami azt mondta , hogy ugyanbizony miért nem üldögélek a tornácon , olvasgatván esetleg valami bölcs könyvet .
Ha	ha	[/Cnj]	SCONJ	_	1	CONJ	30
leültem	leül	[/V][Pst.NDef.1Sg]	VERB	Definite=Ind|Mood=Ind|Number=Sing|Person=1|Tense=Past|VerbForm=Fin|Voice=Act	2	ATT	1
,	,	[Punct]	PUNCT	_	3	PUNCT	2
felállani	feláll	[/V][Inf]	VERB	VerbForm=Inf|Voice=Act	4	INF	5
hajtott	hajt	[/V][Pst.NDef.3Sg]	VERB	Definite=Ind|Mood=Ind|Number=Sing|Person=3|Tense=Past|VerbForm=Fin|Voice=Act	5	COORD	2
valami	valami	[/N][Nom]	NOUN	Case=Nom|Number=Sing	6	SUBJ	5
;	;	[Punct]	PUNCT	_	7	PUNCT	5
ha	ha	[/Cnj]	SCONJ	_	8	CONJ	2
bent	bent	[/Adv]	ADV	_	9	LOCY	10
voltam	van	[/V][Pst.NDef.1Sg]	VERB	Definite=Ind|Mood=Ind|Number=Sing|Person=1|Tense=Past|VerbForm=Fin|Voice=Act	10	ATT	8
ebben	ez	[/Det|Pro][Ine]	PRON	Case=Ine|Number=Sing|Person=3|PronType=Dem	11	OBL	14
a	a	[/Det|Art.Def]	DET	Definite=Def|PronType=Art	12	DET	14
kicsi	kicsi	[/Adj][Nom]	ADJ	Case=Nom|Degree=Pos|Number=Sing	13	ATT	14
házamban	ház	[/N][Poss.1Sg][Ine]	NOUN	Case=Ine|Number=Sing|Number[psor]=Sing|Person[psor]=1	14	OBL	10
,	,	[Punct]	PUNCT	_	15	PUNCT	10
ahol	ahol	[/Adv|Pro|Rel]	PRON	Case=Nom|Number=Sing|Person=3|PronType=Rel	16	LOCY	21
jelenleg	jelenleg	[/Adv]	ADV	_	17	TLOCY	21
is	is	[/Adv]	ADV	_	18	MODE	21
éppen	éppen	[/Adv]	ADV	_	19	MODE	20
írandó	írandó	[/Adj][Nom]	ADJ	Case=Nom|Degree=Pos|Number=Sing	20	PRED	21
vagyok	van	[/V][Prs.NDef.1Sg]	VERB	Definite=Ind|Mood=Ind|Number=Sing|Person=1|Tense=Pres|VerbForm=Fin|Voice=Act	21	ATT	10
a	a	[/Det|Art.Def]	DET	Definite=Def|PronType=Art	22	DET	24
nagy	nagy	[/Adj][Nom]	ADJ	Case=Nom|Degree=Pos|Number=Sing	23	ATT	24
eseményről	esemény	[/N][Del]	NOUN	Case=Del|Number=Sing	24	OBL	21
,	,	[Punct]	PUNCT	_	25	PUNCT	21
akkor	akkor	[/Adv|Pro]	PRON	Case=Nom|Number=Sing|Person=3|PronType=Prs	26	SUBJ	30
az	az	[/Det|Art.Def]	DET	Definite=Def|PronType=Art	27	DET	28
udvarra	udvar	[/N][Subl]	NOUN	Case=Sub|Number=Sing	28	OBL	29
kimenni	kimegy	[/V][Inf]	VERB	VerbForm=Inf|Voice=Act	29	INF	30
vágyakoztam	vágyakozik	[/V][Pst.NDef.1Sg]	VERB	Definite=Ind|Mood=Ind|Number=Sing|Person=1|Tense=Past|VerbForm=Fin|Voice=Act	30	ROOT	0
;	;	[Punct]	PUNCT	_	31	PUNCT	30
s	s	[/Cnj]	CONJ	_	32	CONJ	30
amikor	amikor	[/Adv|Pro|Rel]	PRON	Case=Nom|Number=Sing|Person=3|PronType=Rel	33	SUBJ	37
történetesen	történetesen	[/Adv]	ADV	_	34	MODE	37
a	a	[/Det|Art.Def]	DET	Definite=Def|PronType=Art	35	DET	36
kertben	kert	[/N][Ine]	NOUN	Case=Ine|Number=Sing	36	OBL	37
kerestem	keres	[/V][Pst.Def.1Sg]	VERB	Definite=Def|Mood=Ind|Number=Sing|Person=1|Tense=Past|VerbForm=Fin|Voice=Act	37	COORD	32
a	a	[/Det|Art.Def]	DET	Definite=Def|PronType=Art	38	DET	40
hasznos	hasznos	[/Adj][Nom]	ADJ	Case=Nom|Degree=Pos|Number=Sing	39	ATT	40
munkát	munka	[/N][Acc]	NOUN	Case=Acc|Number=Sing	40	OBJ	37
,	,	[Punct]	PUNCT	_	41	PUNCT	37
olyankor	olyankor	[/Adv|Pro]	PRON	Case=Nom|Number=Sing|Person=3|PronType=Prs	42	SUBJ	47
egy	egy	[/Det|Art.NDef]	DET	Definite=Ind|PronType=Art	43	DET	46
fejcsóváló	fejcsóváló	[/Adj][Nom]	ADJ	Case=Nom|Degree=Pos|Number=Sing	44	ATT	46
belső	belső	[/Adj][Nom]	ADJ	Case=Nom|Degree=Pos|Number=Sing	45	ATT	46
hangot	hang	[/N][Acc]	NOUN	Case=Acc|Number=Sing	46	OBJ	47
hallottam	hall	[/V][Pst.NDef.1Sg]	VERB	Definite=Ind|Mood=Ind|Number=Sing|Person=1|Tense=Past|VerbForm=Fin|Voice=Act	47	COORD	37
,	,	[Punct]	PUNCT	_	48	PUNCT	47
ami	ami	[/N|Pro|Rel][Nom]	PRON	Case=Nom|Number=Sing|Person=3|PronType=Rel	49	SUBJ	51
azt	az	[/Det|Pro][Acc]	PRON	Case=Acc|Number=Sing|Person=3|PronType=Dem	50	OBJ	51
mondta	mond	[/V][Pst.Def.3Sg]	VERB	Definite=Def|Mood=Ind|Number=Sing|Person=3|Tense=Past|VerbForm=Fin|Voice=Act	51	ATT	47
,	,	[Punct]	PUNCT	_	52	PUNCT	51
hogy	hogy	[/Cnj]	SCONJ	_	53	CONJ	51
ugyanbizony	ugyanbizony	[/N][Nom]	NOUN	Case=Nom|Number=Sing	54	OBL	57
miért	miért	[/Adv|Pro|Int]	PRON	Case=Nom|Number=Sing|Person=3|PronType=Int	55	MODE	57
nem	nem	[/Adv]	ADV	PronType=Neg	56	NEG	57
üldögélek	üldögél	[/V][Prs.NDef.1Sg]	VERB	Definite=Ind|Mood=Ind|Number=Sing|Person=1|Tense=Pres|VerbForm=Fin|Voice=Act	57	ATT	53
a	a	[/Det|Art.Def]	DET	Definite=Def|PronType=Art	58	DET	59
tornácon	tornác	[/N][Supe]	NOUN	Case=Sup|Number=Sing	59	OBL	57
,	,	[Punct]	PUNCT	_	60	PUNCT	57
olvasgatván	olvasgat	[/V][_AdvPerfPtcp/Adv]	ADV	_	61	MODE	65
esetleg	esetleg	[/Adv]	ADV	_	62	MODE	65
valami	valami	[/N][Nom]	NOUN	Case=Nom|Number=Sing	63	ATT	65
bölcs	bölcs	[/Adj][Nom]	ADJ	Case=Nom|Degree=Pos|Number=Sing	64	ATT	65
könyvet	könyv	[/N][Acc]	NOUN	Case=Acc|Number=Sing	65	COORD	50
.	.	[Punct]	PUNCT	_	66	PUNCT	0

#  ref: doc#739
#  left_length: 3
#  kwic_length: 1
#  right_length: 2
#  sent: Csak Bodrogi urat vágyakoztam látni ...
Csak	csak	[/Adv]	ADV	_	1	MODE	4
Bodrogi	bodrogi	[/Adj][Nom]	ADJ	Case=Nom|Degree=Pos|Number=Sing	2	ATT	3
urat	úr	[/N][Acc]	NOUN	Case=Acc|Number=Sing	3	OBJ	5
vágyakoztam	vágyakozik	[/V][Pst.NDef.1Sg]	VERB	Definite=Ind|Mood=Ind|Number=Sing|Person=1|Tense=Past|VerbForm=Fin|Voice=Act	4	ROOT	0
látni	lát	[/V][Inf]	VERB	VerbForm=Inf|Voice=Act	5	INF	4
...	...	[Punct]	PUNCT	_	6	PUNCT	0

#  ref: doc#739
#  left_length: 16
#  kwic_length: 1
#  right_length: 2
#  sent: Nem azért mondtam el mindezeket , mintha ezen az ünnepen , házasságunk őszi napmelegén , tollászkodni vágyakoztam volna .
Nem	nem	[/Adv]	ADV	PronType=Neg	1	NEG	2
azért	azért	[/Adv|Pro]	PRON	Case=Nom|Number=Sing|Person=3|PronType=Prs	2	SUBJ	3
mondtam	mond	[/V][Pst.Def.1Sg]	VERB	Definite=Def|Mood=Ind|Number=Sing|Person=1|Tense=Past|VerbForm=Fin|Voice=Act	3	ROOT	0
el	el	[/Prev]	ADV	_	4	PREVERB	3
mindezeket	mindez	[/N|Pro][Pl][Acc]	NOUN	Case=Acc|Number=Plur	5	OBJ	3
,	,	[Punct]	PUNCT	_	6	PUNCT	3
mintha	mintha	[/Cnj]	CONJ	_	7	CONJ	3
ezen	ez	[/Det|Pro][Supe]	PRON	Case=Sup|Number=Sing|Person=3|PronType=Dem	8	OBL	10
az	az	[/Det|Art.Def]	DET	Definite=Def|PronType=Art	9	DET	10
ünnepen	ünnep	[/N][Supe]	NOUN	Case=Sup|Number=Sing	10	OBL	18
,	,	[Punct]	PUNCT	_	11	PUNCT	10
házasságunk	házasság	[/N][Poss.1Pl][Nom]	NOUN	Case=Nom|Number=Sing|Number[psor]=Plur|Person[psor]=1	12	ATT	14
őszi	őszi	[/Adj][Nom]	ADJ	Case=Nom|Degree=Pos|Number=Sing	13	ATT	14
napmelegén	napmeleg	[/N][Poss.3Sg][Supe]	NOUN	Case=Sup|Number=Sing|Number[psor]=Sing|Person[psor]=3	14	COORD	10
,	,	[Punct]	PUNCT	_	15	PUNCT	18
tollászkodni	tollászkodik	[/V][Inf]	VERB	VerbForm=Inf|Voice=Act	16	INF	18
vágyakoztam	vágyakozik	[/V][Pst.NDef.1Sg]	VERB	Definite=Ind|Mood=Ind|Number=Sing|Person=1|Tense=Past|VerbForm=Fin|Voice=Act	17	OBL	16
volna	volna	[/V]	VERB	Definite=Ind|Mood=Cnd|Number=Sing|Person=3|Tense=Pres|VerbForm=Fin|Voice=Act	18	COORD	7
.	.	[Punct]	PUNCT	_	19	PUNCT	0

#  ref: doc#1017
#  left_length: 15
#  kwic_length: 1
#  right_length: 3
#  sent: Nem értem , de mindannyiszor mosolygok , ha elgondolkodom a miértjén annak , hogy annyira vágyakoznak ott megjelenni .
Nem	nem	[/Adv]	ADV	PronType=Neg	1	NEG	2
értem	ért	[/V][Prs.Def.1Sg]	VERB	Definite=Def|Mood=Ind|Number=Sing|Person=1|Tense=Pres|VerbForm=Fin|Voice=Act	2	ROOT	0
,	,	[Punct]	PUNCT	_	3	PUNCT	2
de	de	[/Cnj]	CONJ	_	4	CONJ	2
mindannyiszor	mindannyi	[/Num|Pro][_Mlt-Iter/Adv]	NUM	Case=Nom|Number=Sing|NumType=Card	5	SUBJ	6
mosolygok	mosolyog	[/V][Prs.NDef.1Sg]	VERB	Definite=Ind|Mood=Ind|Number=Sing|Person=1|Tense=Pres|VerbForm=Fin|Voice=Act	6	COORD	4
,	,	[Punct]	PUNCT	_	7	PUNCT	6
ha	ha	[/Cnj]	SCONJ	_	8	CONJ	6
elgondolkodom	elgondolkodik	[/V][Prs.NDef.1Sg]	VERB	Definite=Ind|Mood=Ind|Number=Sing|Person=1|Tense=Pres|VerbForm=Fin|Voice=Act	9	ATT	8
a	a	[/Det|Art.Def]	DET	Definite=Def|PronType=Art	10	DET	11
miértjén	miért	[/N][Poss.3Sg][Supe]	NOUN	Case=Sup|Number=Sing|Number[psor]=Sing|Person[psor]=3	11	OBL	9
annak	az	[/Det|Pro][Dat]	PRON	Case=Dat|Number=Sing|Person=3|PronType=Dem	12	DAT	9
,	,	[Punct]	PUNCT	_	13	PUNCT	9
hogy	hogy	[/Cnj]	SCONJ	_	14	CONJ	9
annyira	annyira	[/Adv|Pro]	PRON	Case=Nom|Number=Sing|Person=3|PronType=Prs	15	MODE	16
vágyakoznak	vágyakozik	[/V][Prs.NDef.3Pl]	VERB	Definite=Ind|Mood=Ind|Number=Plur|Person=3|Tense=Pres|VerbForm=Fin|Voice=Act	16	ATT	14
ott	ott	[/Adv|Pro]	PRON	Case=Nom|Number=Sing|Person=3|PronType=Prs	17	SUBJ	16
megjelenni	megjelenik	[/V][Inf]	VERB	VerbForm=Inf|Voice=Act	18	INF	16
.	.	[Punct]	PUNCT	_	19	PUNCT	0

#  ref: doc#1021
#  left_length: 0
#  kwic_length: 1
#  right_length: 16
#  sent: Vágyakozom érezni pólusaid felémáradó hívását vágyakozom várok Rád hogy kezemben érezzem melleid hízelgő simulását , áradozom .
Vágyakozom	vágyakozik	[/V][Prs.Def.1Sg]	VERB	Definite=Def|Mood=Ind|Number=Sing|Person=1|Tense=Pres|VerbForm=Fin|Voice=Act	1	ROOT	0
érezni	érez	[/V][Inf]	VERB	VerbForm=Inf|Voice=Act	2	INF	1
pólusaid	pólus	[/N][Pl.Poss.2Sg][Nom]	NOUN	Case=Nom|Number=Plur|Number[psor]=Sing|Person[psor]=2	3	ATT	5
felémáradó	felémáradó	[/Adj][Nom]	ADJ	Case=Nom|Degree=Pos|Number=Sing	4	ATT	5
hívását	hívás	[/N][Poss.3Sg][Acc]	NOUN	Case=Acc|Number=Sing|Number[psor]=Sing|Person[psor]=3	5	OBJ	2
vágyakozom	vágyakozik	[/V][Prs.Def.1Sg]	VERB	Definite=Def|Mood=Ind|Number=Sing|Person=1|Tense=Pres|VerbForm=Fin|Voice=Act	6	COORD	1
várok	vár	[/V][Prs.NDef.1Sg]	VERB	Definite=Ind|Mood=Ind|Number=Sing|Person=1|Tense=Pres|VerbForm=Fin|Voice=Act	7	ATT	6
Rád	Rád	[/N][Nom]	PROPN	Case=Nom|Number=Sing	8	ATT	12
hogy	hogy	[/Cnj]	SCONJ	_	9	CONJ	7
kezemben	kéz	[/N][Poss.1Sg][Ine]	NOUN	Case=Ine|Number=Sing|Number[psor]=Sing|Person[psor]=1	10	OBL	11
érezzem	érez	[/V][Sbjv.Def.1Sg]	VERB	Definite=Def|Mood=Imp|Number=Sing|Person=1|Tense=Pres|VerbForm=Fin|Voice=Act	11	ATT	9
melleid	mell	[/N][Pl.Poss.2Sg][Nom]	NOUN	Case=Nom|Number=Plur|Number[psor]=Sing|Person[psor]=2	12	ATT	14
hízelgő	hízelgő	[/Adj][Nom]	ADJ	Case=Nom|Degree=Pos|Number=Sing	13	ATT	14
simulását	simulás	[/N][Poss.3Sg][Acc]	NOUN	Case=Acc|Number=Sing|Number[psor]=Sing|Person[psor]=3	14	OBJ	11
,	,	[Punct]	PUNCT	_	15	PUNCT	11
áradozom	áradoz	[/V][Prs.Def.1Sg]	VERB	Definite=Def|Mood=Ind|Number=Sing|Person=1|Tense=Pres|VerbForm=Fin|Voice=Act	16	COORD	1
.	.	[Punct]	PUNCT	_	17	PUNCT	0

#  ref: doc#1084
#  left_length: 30
#  kwic_length: 1
#  right_length: 1
#  sent: Nem tartanánk -e még mindig a barlanglakó életformánál , ha a nők meg nem elégelik az otthonüldögélést , amíg a férfiak vadászgatnak , gyűjtögetnek , kóborolnak , és hazaérve pihenni vágyakoznak ?
Nem	nem	[/Adv]	ADV	PronType=Neg	1	NEG	2
tartanánk	tart	[/V][Cond.Def.1Pl]	VERB	Definite=Def|Mood=Cnd|Number=Plur|Person=1|Tense=Pres|VerbForm=Fin|Voice=Act	2	ROOT	0
-e	-e	[/QPtcl]	ADV	PronType=Int	3	QUE	2
még	még	[/Adv]	ADV	_	4	TLOCY	2
mindig	mindig	[/Adv]	ADV	_	5	TLOCY	2
a	a	[/Det|Art.Def]	DET	Definite=Def|PronType=Art	6	DET	8
barlanglakó	barlanglakó	[/N][Nom]	NOUN	Case=Nom|Number=Sing	7	ATT	8
életformánál	életforma	[/N][Ade]	NOUN	Case=Ade|Number=Sing	8	OBL	2
,	,	[Punct]	PUNCT	_	9	PUNCT	2
ha	ha	[/Cnj]	SCONJ	_	10	CONJ	2
a	a	[/Det|Art.Def]	DET	Definite=Def|PronType=Art	11	DET	12
nők	nő	[/N][Pl][Nom]	NOUN	Case=Nom|Number=Plur	12	SUBJ	15
meg	meg	[/Prev]	PART	_	13	PREVERB	15
nem	nem	[/Adv]	ADV	PronType=Neg	14	NEG	15
elégelik	elégel	[/V][Prs.Def.3Pl]	VERB	Definite=Def|Mood=Ind|Number=Plur|Person=3|Tense=Pres|VerbForm=Fin|Voice=Act	15	ATT	10
az	az	[/Det|Art.Def]	DET	Definite=Def|PronType=Art	16	DET	17
otthonüldögélést	otthonüldögélés	[/N][Acc]	NOUN	Case=Acc|Number=Sing	17	OBJ	15
,	,	[Punct]	PUNCT	_	18	PUNCT	15
amíg	amíg	[/Adv|Pro|Rel]	PRON	Case=Nom|Number=Sing|Person=3|PronType=Rel	19	TTO	22
a	a	[/Det|Art.Def]	DET	Definite=Def|PronType=Art	20	DET	21
férfiak	férfi	[/N][Pl][Nom]	NOUN	Case=Nom|Number=Plur	21	SUBJ	22
vadászgatnak	vadászik	[/V][_Freq/V][Prs.NDef.3Pl]	VERB	Aspect=Freq|Definite=Ind|Mood=Ind|Number=Plur|Person=3|Tense=Pres|VerbForm=Fin|Voice=Act	22	ATT	15
,	,	[Punct]	PUNCT	_	23	PUNCT	22
gyűjtögetnek	gyűjtöget	[/V][Prs.NDef.3Pl]	VERB	Definite=Ind|Mood=Ind|Number=Plur|Person=3|Tense=Pres|VerbForm=Fin|Voice=Act	24	COORD	22
,	,	[Punct]	PUNCT	_	25	PUNCT	24
kóborolnak	kóborol	[/V][Prs.NDef.3Pl]	VERB	Definite=Ind|Mood=Ind|Number=Plur|Person=3|Tense=Pres|VerbForm=Fin|Voice=Act	26	COORD	24
,	,	[Punct]	PUNCT	_	27	PUNCT	26
és	és	[/Cnj]	CONJ	_	28	CONJ	26
hazaérve	hazaér	[/V][_AdvPtcp/Adv]	ADV	VerbForm=Trans	29	MODE	31
pihenni	pihen	[/V][Inf]	VERB	VerbForm=Inf|Voice=Act	30	INF	31
vágyakoznak	vágyakozik	[/V][Prs.NDef.3Pl]	VERB	Definite=Ind|Mood=Ind|Number=Plur|Person=3|Tense=Pres|VerbForm=Fin|Voice=Act	31	COORD	28
?	?	[Punct]	PUNCT	_	32	PUNCT	0

#  ref: doc#1085
#  left_length: 26
#  kwic_length: 1
#  right_length: 14
#  sent: No meg vélhetően másnak is jó volt ez az előre gyártott nyomtatvány , sok százan aláírták már , azok is , akik mellé , közé annyira vágyakozott bekerülni , hát akkor most mit akadékoskodjon , örüljön , hogy végre sikerült .
No	no	[/Inj-Utt]	INTJ	_	1	MODE	7
meg	meg	[/Cnj]	CONJ	_	2	CONJ	7
vélhetően	vélhető	[/Adj][_Manner/Adv]	ADJ	Case=Ess|Degree=Pos|Number=Sing	3	MODE	7
másnak	más	[/N|Pro][Dat]	NOUN	Case=Dat|Number=Sing	4	DAT	7
is	is	[/Adv]	ADV	_	5	MODE	4
jó	jó	[/Adj][Nom]	ADJ	Case=Nom|Degree=Pos|Number=Sing	6	PRED	7
volt	van	[/V][Pst.NDef.3Sg]	VERB	Definite=Ind|Mood=Ind|Number=Sing|Person=3|Tense=Past|VerbForm=Fin|Voice=Act	7	ROOT	0
ez	ez	[/Det|Pro][Nom]	PRON	Case=Nom|Number=Sing|Person=3|PronType=Dem	8	DET	12
az	az	[/Det|Art.Def]	DET	Definite=Def|PronType=Art	9	DET	12
előre	előre	[/Adv]	ADV	_	10	TTO	11
gyártott	gyártott	[/Adj][Nom]	ADJ	Case=Nom|Degree=Pos|Number=Sing	11	ATT	12
nyomtatvány	nyomtatvány	[/N][Nom]	NOUN	Case=Nom|Number=Sing	12	SUBJ	7
,	,	[Punct]	PUNCT	_	13	PUNCT	7
sok	sok	[/Num][Nom]	NUM	Case=Nom|Number=Sing|NumType=Card	14	ATT	15
százan	száz	[/Num][_Manner/Adv]	NUM	Case=Ess|Number=Sing|NumType=Card	15	SUBJ	16
aláírták	aláír	[/V][Pst.Def.3Pl]	VERB	Definite=Def|Mood=Ind|Number=Plur|Person=3|Tense=Past|VerbForm=Fin|Voice=Act	16	COORD	7
már	már	[/Adv]	ADV	_	17	TLOCY	16
,	,	[Punct]	PUNCT	_	18	PUNCT	16
azok	az	[/Det|Pro][Pl][Nom]	PRON	Case=Nom|Number=Plur|Person=3|PronType=Dem	19	ATT	25
is	is	[/Adv]	ADV	_	20	MODE	19
,	,	[Punct]	PUNCT	_	21	PUNCT	19
akik	aki	[/N|Pro|Rel][Pl][Nom]	PRON	Case=Nom|Number=Plur|Person=3|PronType=Rel	22	ATT	23
mellé	mellé	[/Post]	ADP	_	23	APPEND	19
,	,	[Punct]	PUNCT	_	24	PUNCT	23
közé	közé	[/Post]	ADP	_	25	FROM	27
annyira	annyira	[/Adv|Pro]	PRON	Case=Nom|Number=Sing|Person=3|PronType=Prs	26	SUBJ	27
vágyakozott	vágyakozik	[/V][Pst.NDef.3Sg]	VERB	Definite=Ind|Mood=Ind|Number=Sing|Person=3|Tense=Past|VerbForm=Fin|Voice=Act	27	ATT	16
bekerülni	bekerül	[/V][Inf]	VERB	VerbForm=Inf|Voice=Act	28	INF	27
,	,	[Punct]	PUNCT	_	29	PUNCT	27
hát	hát	[/Adv]	ADV	_	30	MODE	34
akkor	akkor	[/Adv|Pro]	PRON	Case=Nom|Number=Sing|Person=3|PronType=Prs	31	SUBJ	34
most	most	[/Adv]	ADV	_	32	TLOCY	34
mit	mi	[/N|Pro|Int][Acc]	PRON	Case=Acc|Number=Sing|Person=3|PronType=Prs	33	OBJ	34
akadékoskodjon	akadékoskodik	[/V][Sbjv.NDef.3Sg]	VERB	Definite=Ind|Mood=Imp|Number=Sing|Person=3|Tense=Pres|VerbForm=Fin|Voice=Act	34	COORD	27
,	,	[Punct]	PUNCT	_	35	PUNCT	34
örüljön	örül	[/V][Sbjv.NDef.3Sg]	VERB	Definite=Ind|Mood=Imp|Number=Sing|Person=3|Tense=Pres|VerbForm=Fin|Voice=Act	36	COORD	34
,	,	[Punct]	PUNCT	_	37	PUNCT	36
hogy	hogy	[/Cnj]	SCONJ	_	38	CONJ	36
végre	végre	[/Adv]	ADV	_	39	MODE	40
sikerült	sikerül	[/V][Pst.NDef.3Sg]	VERB	Definite=Ind|Mood=Ind|Number=Sing|Person=3|Tense=Past|VerbForm=Fin|Voice=Act	40	ATT	38
.	.	[Punct]	PUNCT	_	41	PUNCT	0

#  ref: doc#1106
#  left_length: 10
#  kwic_length: 1
#  right_length: 1
#  sent: A hölgy pedig kapaszkodjék a korlátba , ha pihegve alélni vágyakoznék .
A	a	[/Det|Art.Def]	DET	Definite=Def|PronType=Art	1	DET	2
hölgy	hölgy	[/N][Nom]	NOUN	Case=Nom|Number=Sing	2	SUBJ	4
pedig	pedig	[/Cnj]	CONJ	_	3	CONJ	4
kapaszkodjék	kapaszkodik	[/V][Sbjv.NDef.3Sg]	VERB	Definite=Ind|Mood=Imp|Number=Sing|Person=3|Tense=Pres|VerbForm=Fin|Voice=Act	4	ROOT	0
a	a	[/Det|Art.Def]	DET	Definite=Def|PronType=Art	5	DET	6
korlátba	korlát	[/N][Ill]	NOUN	Case=Ill|Number=Sing	6	OBL	4
,	,	[Punct]	PUNCT	_	7	PUNCT	4
ha	ha	[/Cnj]	SCONJ	_	8	CONJ	4
pihegve	piheg	[/V][_AdvPtcp/Adv]	ADV	VerbForm=Trans	9	MODE	11
alélni	alél	[/V][Inf]	VERB	VerbForm=Inf|Voice=Act	10	INF	11
vágyakoznék	vágyakozik	[/V][Cond.NDef.1Sg]	VERB	Definite=Ind|Mood=Cnd|Number=Sing|Person=1|Tense=Pres|VerbForm=Fin|Voice=Act	11	ATT	8
.	.	[Punct]	PUNCT	_	12	PUNCT	0

#  ref: doc#1287
#  left_length: 14
#  kwic_length: 1
#  right_length: 2
#  sent: Nem olvad fel az önfeledt közösségi pillanatban ; figyel és hallja : édesapja tévesen vágyakozik bojtárkodni .
Nem	nem	[/Adv]	ADV	PronType=Neg	1	NEG	2
olvad	olvad	[/V][Prs.NDef.3Sg]	VERB	Definite=Ind|Mood=Ind|Number=Sing|Person=3|Tense=Pres|VerbForm=Fin|Voice=Act	2	ROOT	0
fel	fel	[/Prev]	ADV	_	3	MODE	2
az	az	[/Det|Art.Def]	DET	Definite=Def|PronType=Art	4	DET	7
önfeledt	önfeledt	[/Adj][Nom]	ADJ	Case=Nom|Degree=Pos|Number=Sing	5	ATT	7
közösségi	közösségi	[/Adj][Nom]	ADJ	Case=Nom|Degree=Pos|Number=Sing	6	ATT	7
pillanatban	pillanat	[/N][Ine]	NOUN	Case=Ine|Number=Sing	7	OBL	2
;	;	[Punct]	PUNCT	_	8	PUNCT	2
figyel	figyel	[/V][Prs.NDef.3Sg]	VERB	Definite=Ind|Mood=Ind|Number=Sing|Person=3|Tense=Pres|VerbForm=Fin|Voice=Act	9	COORD	2
és	és	[/Cnj]	CONJ	_	10	CONJ	9
hallja	hall	[/V][Prs.Def.3Sg]	VERB	Definite=Def|Mood=Ind|Number=Sing|Person=3|Tense=Pres|VerbForm=Fin|Voice=Act	11	COORD	10
:	:	[Punct]	PUNCT	_	12	PUNCT	11
édesapja	édesapa	[/N][Poss.3Sg][Nom]	NOUN	Case=Nom|Number=Sing|Number[psor]=Sing|Person[psor]=3	13	SUBJ	15
tévesen	téves	[/Adj][_Manner/Adv]	ADJ	Case=Ess|Degree=Pos|Number=Sing	14	MODE	15
vágyakozik	vágyakozik	[/V][Prs.NDef.3Sg]	VERB	Definite=Ind|Mood=Ind|Number=Sing|Person=3|Tense=Pres|VerbForm=Fin|Voice=Act	15	ATT	11
bojtárkodni	bojtárkodik	[/V][Inf]	VERB	VerbForm=Inf|Voice=Act	16	INF	15
.	.	[Punct]	PUNCT	_	17	PUNCT	0

#  ref: doc#1349
#  left_length: 8
#  kwic_length: 1
#  right_length: 13
#  sent: Sose jártam az országban , sőt vágyni se vágyakoztam oda , tehát elképzelni se tudom , mi termékenyíthette meg tudatalatti sóvárgásomat .
Sose	sose	[/Adv]	ADV	_	1	TLOCY	2
jártam	jár	[/V][Pst.NDef.1Sg]	VERB	Definite=Ind|Mood=Ind|Number=Sing|Person=1|Tense=Past|VerbForm=Fin|Voice=Act	2	ROOT	0
az	az	[/Det|Art.Def]	DET	Definite=Def|PronType=Art	3	DET	4
országban	ország	[/N][Ine]	NOUN	Case=Ine|Number=Sing	4	OBL	2
,	,	[Punct]	PUNCT	_	5	PUNCT	2
sőt	sőt	[/Cnj]	CONJ	_	6	CONJ	2
vágyni	vágyik	[/V][Inf]	VERB	VerbForm=Inf|Voice=Act	7	INF	9
se	se	[/Adv]	ADV	PronType=Neg	8	NEG	9
vágyakoztam	vágyakozik	[/V][Pst.NDef.1Sg]	VERB	Definite=Ind|Mood=Ind|Number=Sing|Person=1|Tense=Past|VerbForm=Fin|Voice=Act	9	COORD	6
oda	oda	[/Adv|Pro]	PRON	Case=Nom|Number=Sing|Person=3|PronType=Prs	10	PREVERB	9
,	,	[Punct]	PUNCT	_	11	PUNCT	9
tehát	tehát	[/Cnj]	CONJ	_	12	CONJ	9
elképzelni	elképzel	[/V][Inf]	VERB	VerbForm=Inf|Voice=Act	13	INF	15
se	se	[/Adv]	ADV	PronType=Neg	14	NEG	15
tudom	tud	[/V][Prs.Def.1Sg]	VERB	Definite=Def|Mood=Ind|Number=Sing|Person=1|Tense=Pres|VerbForm=Fin|Voice=Act	15	COORD	12
,	,	[Punct]	PUNCT	_	16	PUNCT	15
mi	mi	[/N|Pro|Int][Nom]	PRON	Case=Nom|Number=Sing|Person=3|PronType=Prs	17	SUBJ	18
termékenyíthette	termékenyít	[/V][_Mod/V][Pst.Def.3Sg]	VERB	Definite=Def|Mood=Pot|Number=Sing|Person=3|Tense=Past|VerbForm=Fin|Voice=Act	18	ATT	15
meg	meg	[/Prev]	PART	_	19	PREVERB	18
tudatalatti	tudatalatti	[/N][Nom]	NOUN	Case=Nom|Number=Sing	20	ATT	21
sóvárgásomat	sóvárgás	[/N][Poss.1Sg][Acc]	NOUN	Case=Acc|Number=Sing|Number[psor]=Sing|Person[psor]=1	21	OBJ	18
.	.	[Punct]	PUNCT	_	22	PUNCT	0

#  ref: doc#1413
#  left_length: 23
#  kwic_length: 1
#  right_length: 89
#  sent: Fiatalon vadul és viharosan utazott , igenekből állt össze az élete , mindenre igent mondott , mindent elfogadott , kipróbált , minden után vágyakozott , utazni is alig utazott , nem tartotta fontosnak , úgy érezte , ráér még , úgy érezte , teli van idővel , és ha mégis utazott , azt olyan próbának tekintette , amely nem okvetlenül érvényes , illetve vagy érvényes , vagy nem , ezt még csak eldönteni sem érdemes , ha akarom , számít , ha akarom , nem számít , de egyik sem számít ; minden feléje nyújtott kezet elfogadott , megszorította vagy megsimogatta vagy megcsókolta őket , vagy beléjük csapott és sok foggal nevetett .
Fiatalon	fiatal	[/Adj][_Manner/Adv]	ADJ	Case=Ess|Degree=Pos|Number=Sing	1	MODE	5
vadul	vad	[/Adj][_Manner/Adv]	ADJ	Case=Ess|Degree=Pos|Number=Sing	2	MODE	5
és	és	[/Cnj]	CONJ	_	3	CONJ	2
viharosan	viharos	[/Adj][_Manner/Adv]	ADJ	Case=Ess|Degree=Pos|Number=Sing	4	COORD	3
utazott	utazik	[/V][Pst.NDef.3Sg]	VERB	Definite=Ind|Mood=Ind|Number=Sing|Person=3|Tense=Past|VerbForm=Fin|Voice=Act	5	ROOT	0
,	,	[Punct]	PUNCT	_	6	PUNCT	5
igenekből	igen	[/N][Pl][Ela]	NOUN	Case=Ela|Number=Plur	7	OBL	8
állt	áll	[/V][Pst.NDef.3Sg]	VERB	Definite=Ind|Mood=Ind|Number=Sing|Person=3|Tense=Past|VerbForm=Fin|Voice=Act	8	COORD	5
össze	össze	[/Prev]	ADV	_	9	TLOCY	8
az	az	[/Det|Art.Def]	DET	Definite=Def|PronType=Art	10	DET	11
élete	élet	[/N][Poss.3Sg][Nom]	NOUN	Case=Nom|Number=Sing|Number[psor]=Sing|Person[psor]=3	11	SUBJ	8
,	,	[Punct]	PUNCT	_	12	PUNCT	8
mindenre	minden	[/N|Pro][Subl]	PRON	Case=Sub|Number=Sing|Person=3|PronType=Tot	13	OBL	15
igent	igen	[/N][Acc]	NOUN	Case=Acc|Number=Sing	14	OBJ	15
mondott	mond	[/V][Pst.NDef.3Sg]	VERB	Definite=Ind|Mood=Ind|Number=Sing|Person=3|Tense=Past|VerbForm=Fin|Voice=Act	15	COORD	8
,	,	[Punct]	PUNCT	_	16	PUNCT	15
mindent	minden	[/N|Pro][Acc]	PRON	Case=Acc|Number=Sing|Person=3|PronType=Tot	17	OBJ	18
elfogadott	elfogad	[/V][Pst.NDef.3Sg]	VERB	Definite=Ind|Mood=Ind|Number=Sing|Person=3|Tense=Past|VerbForm=Fin|Voice=Act	18	COORD	15
,	,	[Punct]	PUNCT	_	19	PUNCT	18
kipróbált	kipróbált	[/Adj][Nom]	ADJ	Case=Nom|Degree=Pos|Number=Sing	20	COORD	18
,	,	[Punct]	PUNCT	_	21	PUNCT	18
minden	minden	[/N|Pro][Nom]	PRON	Case=Nom|Number=Sing|Person=3|PronType=Tot	22	ATT	23
után	után	[/Post]	ADP	_	23	TLOCY	24
vágyakozott	vágyakozik	[/V][Pst.NDef.3Sg]	VERB	Definite=Ind|Mood=Ind|Number=Sing|Person=3|Tense=Past|VerbForm=Fin|Voice=Act	24	COORD	18
,	,	[Punct]	PUNCT	_	25	PUNCT	24
utazni	utazik	[/V][Inf]	VERB	VerbForm=Inf|Voice=Act	26	INF	29
is	is	[/Adv]	ADV	_	27	MODE	26
alig	alig	[/Adv]	ADV	_	28	MODE	29
utazott	utazik	[/V][Pst.NDef.3Sg]	VERB	Definite=Ind|Mood=Ind|Number=Sing|Person=3|Tense=Past|VerbForm=Fin|Voice=Act	29	COORD	24
,	,	[Punct]	PUNCT	_	30	PUNCT	29
nem	nem	[/Adv]	ADV	PronType=Neg	31	NEG	32
tartotta	tart	[/V][Pst.Def.3Sg]	VERB	Definite=Def|Mood=Ind|Number=Sing|Person=3|Tense=Past|VerbForm=Fin|Voice=Act	32	COORD	29
fontosnak	fontos	[/Adj][Dat]	ADJ	Case=Dat|Degree=Pos|Number=Sing	33	DAT	32
,	,	[Punct]	PUNCT	_	34	PUNCT	32
úgy	úgy	[/Adv|Pro]	PRON	Case=Nom|Number=Sing|Person=3|PronType=Prs	35	SUBJ	36
érezte	érez	[/V][Pst.Def.3Sg]	VERB	Definite=Def|Mood=Ind|Number=Sing|Person=3|Tense=Past|VerbForm=Fin|Voice=Act	36	COORD	32
,	,	[Punct]	PUNCT	_	37	PUNCT	36
ráér	ráér	[/V][Prs.NDef.3Sg]	VERB	Definite=Ind|Mood=Ind|Number=Sing|Person=3|Tense=Pres|VerbForm=Fin|Voice=Act	38	ATT	36
még	még	[/Adv]	ADV	_	39	TLOCY	38
,	,	[Punct]	PUNCT	_	40	PUNCT	38
úgy	úgy	[/Adv|Pro]	PRON	Case=Nom|Number=Sing|Person=3|PronType=Prs	41	SUBJ	42
érezte	érez	[/V][Pst.Def.3Sg]	VERB	Definite=Def|Mood=Ind|Number=Sing|Person=3|Tense=Past|VerbForm=Fin|Voice=Act	42	COORD	36
,	,	[Punct]	PUNCT	_	43	PUNCT	42
teli	teli	[/Adj][Nom]	ADJ	Case=Nom|Degree=Pos|Number=Sing	44	PRED	45
van	van	[/V][Prs.NDef.3Sg]	VERB	Definite=Ind|Mood=Ind|Number=Sing|Person=3|Tense=Pres|VerbForm=Fin|Voice=Act	45	ATT	42
idővel	idővel	[/Adv]	ADV	_	46	TLOCY	45
,	,	[Punct]	PUNCT	_	47	PUNCT	45
és	és	[/Cnj]	CONJ	_	48	CONJ	45
ha	ha	[/Cnj]	SCONJ	_	49	CONJ	56
mégis	mégis	[/Adv]	ADV	_	50	MODE	51
utazott	utazik	[/V][Pst.NDef.3Sg]	VERB	Definite=Ind|Mood=Ind|Number=Sing|Person=3|Tense=Past|VerbForm=Fin|Voice=Act	51	ATT	49
,	,	[Punct]	PUNCT	_	52	PUNCT	51
azt	az	[/Det|Pro][Acc]	PRON	Case=Acc|Number=Sing|Person=3|PronType=Dem	53	OBJ	56
olyan	olyan	[/Adj|Pro][Nom]	PRON	Case=Nom|Number=Sing|Person=3|PronType=Dem	54	ATT	55
próbának	próba	[/N][Dat]	NOUN	Case=Dat|Number=Sing	55	DAT	56
tekintette	tekint	[/V][Pst.Def.3Sg]	VERB	Definite=Def|Mood=Ind|Number=Sing|Person=3|Tense=Past|VerbForm=Fin|Voice=Act	56	COORD	48
,	,	[Punct]	PUNCT	_	57	PUNCT	56
amely	amely	[/N|Pro|Rel][Nom]	PRON	Case=Nom|Number=Sing|Person=3|PronType=Rel	58	SUBJ	61
nem	nem	[/Adv]	ADV	PronType=Neg	59	NEG	61
okvetlenül	okvetlenül	[/Adv]	ADV	_	60	MODE	61
érvényes	érvényes	[/Adj][Nom]	ADJ	Case=Nom|Degree=Pos|Number=Sing	61	ATT	56
,	,	[Punct]	PUNCT	_	62	PUNCT	61
illetve	illetve	[/Cnj]	CONJ	_	63	CONJ	61
vagy	vagy	[/Cnj]	CONJ	_	64	CONJ	63
érvényes	érvényes	[/Adj][Nom]	ADJ	Case=Nom|Degree=Pos|Number=Sing	65	COORD	64
,	,	[Punct]	PUNCT	_	66	PUNCT	65
vagy	vagy	[/Cnj]	CONJ	_	67	CONJ	65
nem	nem	[/Adv]	ADV	PronType=Neg	68	COORD	67
,	,	[Punct]	PUNCT	_	69	PUNCT	68
ezt	ez	[/Det|Pro][Acc]	PRON	Case=Acc|Number=Sing|Person=3|PronType=Dem	70	OBJ	73
még	még	[/Adv]	ADV	_	71	TLOCY	73
csak	csak	[/Adv]	ADV	_	72	MODE	73
eldönteni	eldönt	[/V][Inf]	VERB	VerbForm=Inf|Voice=Act	73	INF	75
sem	sem	[/Adv]	ADV	PronType=Neg	74	NEG	73
érdemes	érdemes	[/Adj][Nom]	ADJ	Case=Nom|Degree=Pos|Number=Sing	75	COORD	65
,	,	[Punct]	PUNCT	_	76	PUNCT	75
ha	ha	[/Cnj]	SCONJ	_	77	CONJ	80
akarom	akar	[/V][Prs.Def.1Sg]	VERB	Definite=Def|Mood=Ind|Number=Sing|Person=1|Tense=Pres|VerbForm=Fin|Voice=Act	78	ATT	77
,	,	[Punct]	PUNCT	_	79	PUNCT	78
számít	számít	[/V][Prs.NDef.3Sg]	VERB	Definite=Ind|Mood=Ind|Number=Sing|Person=3|Tense=Pres|VerbForm=Fin|Voice=Act	80	COORD	75
,	,	[Punct]	PUNCT	_	81	PUNCT	80
ha	ha	[/Cnj]	SCONJ	_	82	CONJ	86
akarom	akar	[/V][Prs.Def.1Sg]	VERB	Definite=Def|Mood=Ind|Number=Sing|Person=1|Tense=Pres|VerbForm=Fin|Voice=Act	83	ATT	82
,	,	[Punct]	PUNCT	_	84	PUNCT	83
nem	nem	[/Adv]	ADV	PronType=Neg	85	NEG	86
számít	számít	[/V][Prs.NDef.3Sg]	VERB	Definite=Ind|Mood=Ind|Number=Sing|Person=3|Tense=Pres|VerbForm=Fin|Voice=Act	86	COORD	80
,	,	[Punct]	PUNCT	_	87	PUNCT	86
de	de	[/Cnj]	CONJ	_	88	CONJ	86
egyik	egyik	[/Adj|Pro][Nom]	ADJ	Case=Nom|Degree=Pos|Number=Sing	89	SUBJ	91
sem	sem	[/Adv]	ADV	PronType=Neg	90	NEG	89
számít	számít	[/V][Prs.NDef.3Sg]	VERB	Definite=Ind|Mood=Ind|Number=Sing|Person=3|Tense=Pres|VerbForm=Fin|Voice=Act	91	COORD	88
;	;	[Punct]	PUNCT	_	92	PUNCT	91
minden	minden	[/N|Pro][Nom]	PRON	Case=Nom|Number=Sing|Person=3|PronType=Tot	93	ATT	94
feléje	felé	[/Post][3Sg]	ADP	_	94	TO	95
nyújtott	nyújt	[/V][Pst.NDef.3Sg]	VERB	Definite=Ind|Mood=Ind|Number=Sing|Person=3|Tense=Past|VerbForm=Fin|Voice=Act	95	COORD	91
kezet	kéz	[/N][Acc]	NOUN	Case=Acc|Number=Sing	96	ATT	97
elfogadott	elfogadott	[/Adj][Nom]	ADJ	Case=Nom|Degree=Pos|Number=Sing	97	SUBJ	95
,	,	[Punct]	PUNCT	_	98	PUNCT	95
megszorította	megszorít	[/V][Pst.Def.3Sg]	VERB	Definite=Def|Mood=Ind|Number=Sing|Person=3|Tense=Past|VerbForm=Fin|Voice=Act	99	COORD	95
vagy	vagy	[/Cnj]	CONJ	_	100	CONJ	99
megsimogatta	megsimogat	[/V][Pst.Def.3Sg]	VERB	Definite=Def|Mood=Ind|Number=Sing|Person=3|Tense=Past|VerbForm=Fin|Voice=Act	101	COORD	100
vagy	vagy	[/Cnj]	CONJ	_	102	CONJ	101
megcsókolta	megcsókol	[/V][Pst.Def.3Sg]	VERB	Definite=Def|Mood=Ind|Number=Sing|Person=3|Tense=Past|VerbForm=Fin|Voice=Act	103	COORD	102
őket	ők	[/N|Pro][3Pl][Acc]	PRON	Case=Acc|Number=Plur|Person=3|PronType=Prs	104	OBJ	103
,	,	[Punct]	PUNCT	_	105	PUNCT	103
vagy	vagy	[/Cnj]	CONJ	_	106	CONJ	103
beléjük	ők	[/N|Pro][Ill][3Pl]	PRON	Case=Ill|Number=Plur|Person=3|PronType=Prs	107	OBL	108
csapott	csap	[/V][Pst.NDef.3Sg]	VERB	Definite=Ind|Mood=Ind|Number=Sing|Person=3|Tense=Past|VerbForm=Fin|Voice=Act	108	COORD	106
és	és	[/Cnj]	CONJ	_	109	CONJ	108
sok	sok	[/Num][Nom]	NUM	Case=Nom|Number=Sing|NumType=Card	110	ATT	111
foggal	fog	[/N][Ins]	NOUN	Case=Ins|Number=Sing	111	OBL	112
nevetett	nevet	[/V][Pst.NDef.3Sg]	VERB	Definite=Ind|Mood=Ind|Number=Sing|Person=3|Tense=Past|VerbForm=Fin|Voice=Act	112	COORD	109
.	.	[Punct]	PUNCT	_	113	PUNCT	0

#  ref: doc#1852
#  left_length: 2
#  kwic_length: 1
#  right_length: 72
#  sent: A körhintába vágyakoztam hetykén megülni paripára ügetni körben míg alattam a világ csupa panoráma másik történet ahol én táncoltatom a jószerencsét ki kétkedne hogy a nyerőt föltétel nélkül megszeressék aztán körhintát paripát a vágyakat mind elfeledtem fenyegetőn ragadozók vijjogtak káráltak fölöttem nézni pusztán orrom elé lett kemény mindennapi lecke túlélni ez a jelige vésődött bele az eszembe s ha az a ló a ligeti emléke ötlött még agyamba anyaga csak papírmasé volt eszméletem ezt hajtogatta
A	a	[/Det|Art.Def]	DET	Definite=Def|PronType=Art	1	DET	2
körhintába	körhinta	[/N][Ill]	NOUN	Case=Ill|Number=Sing	2	OBL	3
vágyakoztam	vágyakozik	[/V][Pst.NDef.1Sg]	VERB	Definite=Ind|Mood=Ind|Number=Sing|Person=1|Tense=Past|VerbForm=Fin|Voice=Act	3	ROOT	0
hetykén	hetyke	[/Adj][_Manner/Adv]	ADJ	Case=Ess|Degree=Pos|Number=Sing	4	MODE	5
megülni	megül	[/V][Inf]	VERB	VerbForm=Inf|Voice=Act	5	INF	3
paripára	paripa	[/N][Subl]	NOUN	Case=Sub|Number=Sing	6	OBL	7
ügetni	üget	[/V][Inf]	VERB	VerbForm=Inf|Voice=Act	7	INF	5
körben	kör	[/N][Ine]	NOUN	Case=Ine|Number=Sing	8	OBL	7
míg	míg	[/Adv|Pro|Rel]	PRON	Case=Nom|Number=Sing|Person=3|PronType=Rel	9	ATT	10
alattam	alatt	[/Post][1Sg]	ADP	_	10	MODE	7
a	a	[/Det|Art.Def]	DET	Definite=Def|PronType=Art	11	DET	12
világ	világ	[/N][Nom]	NOUN	Case=Nom|Number=Sing	12	SUBJ	23
csupa	csupa	[/Adv]	ADV	_	13	MODE	14
panoráma	panoráma	[/N][Nom]	NOUN	Case=Nom|Number=Sing	14	COORD	12
másik	másik	[/Adj|Pro][Nom]	ADJ	Case=Nom|Degree=Pos|Number=Sing	15	ATT	16
történet	történet	[/N][Nom]	NOUN	Case=Nom|Number=Sing	16	COORD	14
ahol	ahol	[/Adv|Pro|Rel]	PRON	Case=Nom|Number=Sing|Person=3|PronType=Rel	17	LOCY	19
én	én	[/N|Pro][1Sg][Nom]	PRON	Case=Nom|Number=Sing|Person=1|PronType=Prs	18	SUBJ	19
táncoltatom	táncol	[/V][_Caus/V][Prs.Def.1Sg]	VERB	Definite=Def|Mood=Ind|Number=Sing|Person=1|Tense=Pres|VerbForm=Fin|Voice=Cau	19	ATT	3
a	a	[/Det|Art.Def]	DET	Definite=Def|PronType=Art	20	DET	21
jószerencsét	jószerencse	[/N][Acc]	NOUN	Case=Acc|Number=Sing	21	OBJ	19
ki	ki	[/Prev]	ADV	_	22	MODE	23
kétkedne	kétkedik	[/V][Cond.NDef.3Sg]	VERB	Definite=Ind|Mood=Cnd|Number=Sing|Person=3|Tense=Pres|VerbForm=Fin|Voice=Act	23	ATT	19
hogy	hogy	[/Cnj]	SCONJ	_	24	CONJ	23
a	a	[/Det|Art.Def]	DET	Definite=Def|PronType=Art	25	DET	26
nyerőt	nyerő	[/Adj][Acc]	ADJ	Case=Acc|Degree=Pos|Number=Sing	26	OBJ	29
föltétel	föltétel	[/N][Nom]	NOUN	Case=Nom|Number=Sing	27	ATT	28
nélkül	nélkül	[/Post]	ADP	_	28	MODE	29
megszeressék	megszeret	[/V][Sbjv.Def.3Pl]	VERB	Definite=Def|Mood=Imp|Number=Plur|Person=3|Tense=Pres|VerbForm=Fin|Voice=Act	29	ATT	24
aztán	aztán	[/Adv|Pro]	PRON	Case=Nom|Number=Sing|Person=3|PronType=Prs	30	ATT	31
körhintát	körhinta	[/N][Acc]	NOUN	Case=Acc|Number=Sing	31	OBJ	29
paripát	paripa	[/N][Acc]	NOUN	Case=Acc|Number=Sing	32	OBJ	42
a	a	[/Det|Art.Def]	DET	Definite=Def|PronType=Art	33	DET	34
vágyakat	vágy	[/N][Pl][Acc]	NOUN	Case=Acc|Number=Plur	34	OBJ	36
mind	mind	[/Cnj]	CONJ	_	35	CONJ	36
elfeledtem	elfeled	[/V][Pst.NDef.1Sg]	VERB	Definite=Ind|Mood=Ind|Number=Sing|Person=1|Tense=Past|VerbForm=Fin|Voice=Act	36	COORD	3
fenyegetőn	fenyegető	[/N][Supe]	NOUN	Case=Sup|Number=Sing	37	OBL	36
ragadozók	ragadozó	[/N][Pl][Nom]	NOUN	Case=Nom|Number=Plur	38	SUBJ	39
vijjogtak	vijjog	[/V][Pst.NDef.3Pl]	VERB	Definite=Ind|Mood=Ind|Number=Plur|Person=3|Tense=Past|VerbForm=Fin|Voice=Act	39	COORD	36
káráltak	kárál	[/V][Pst.NDef.3Pl]	VERB	Definite=Ind|Mood=Ind|Number=Plur|Person=3|Tense=Past|VerbForm=Fin|Voice=Act	40	COORD	39
fölöttem	fölött	[/Post][1Sg]	ADP	_	41	PREVERB	42
nézni	néz	[/V][Inf]	VERB	VerbForm=Inf|Voice=Act	42	INF	40
pusztán	pusztán	[/Adv]	ADV	_	43	MODE	42
orrom	orr	[/N][Poss.1Sg][Nom]	NOUN	Case=Nom|Number=Sing|Number[psor]=Sing|Person[psor]=1	44	ATT	45
elé	elé	[/Post]	ADP	_	45	TO	42
lett	lesz	[/V][Pst.NDef.3Sg]	VERB	Definite=Ind|Mood=Ind|Number=Sing|Person=3|Tense=Past|VerbForm=Fin|Voice=Act	46	COORD	40
kemény	kemény	[/Adj][Nom]	ADJ	Case=Nom|Degree=Pos|Number=Sing	47	ATT	49
mindennapi	mindennapi	[/Adj][Nom]	ADJ	Case=Nom|Degree=Pos|Number=Sing	48	ATT	49
lecke	lecke	[/N][Nom]	NOUN	Case=Nom|Number=Sing	49	SUBJ	46
túlélni	túlél	[/V][Inf]	VERB	VerbForm=Inf|Voice=Act	50	INF	46
ez	ez	[/Det|Pro][Nom]	PRON	Case=Nom|Number=Sing|Person=3|PronType=Dem	51	DET	53
a	a	[/Det|Art.Def]	DET	Definite=Def|PronType=Art	52	DET	53
jelige	jelige	[/N][Nom]	NOUN	Case=Nom|Number=Sing	53	SUBJ	54
vésődött	vésődik	[/V][Pst.NDef.3Sg]	VERB	Definite=Ind|Mood=Ind|Number=Sing|Person=3|Tense=Past|VerbForm=Fin|Voice=Act	54	COORD	46
bele	bele	[/Prev]	ADV	_	55	MODE	54
az	az	[/Det|Art.Def]	DET	Definite=Def|PronType=Art	56	DET	57
eszembe	ész	[/N][Poss.1Sg][Ill]	NOUN	Case=Ill|Number=Sing|Number[psor]=Sing|Person[psor]=1	57	OBL	54
s	s	[/Cnj]	CONJ	_	58	CONJ	54
ha	ha	[/Cnj]	SCONJ	_	59	CONJ	72
az	az	[/Det|Pro][Nom]	PRON	Case=Nom|Number=Sing|Person=3|PronType=Dem	60	DET	62
a	a	[/Det|Art.Def]	DET	Definite=Def|PronType=Art	61	DET	62
ló	ló	[/N][Nom]	NOUN	Case=Nom|Number=Sing	62	SUBJ	66
a	a	[/Det|Art.Def]	DET	Definite=Def|PronType=Art	63	DET	65
ligeti	ligeti	[/Adj][Nom]	ADJ	Case=Nom|Degree=Pos|Number=Sing	64	ATT	65
emléke	emlék	[/N][Poss.3Sg][Nom]	NOUN	Case=Nom|Number=Sing|Number[psor]=Sing|Person[psor]=3	65	SUBJ	66
ötlött	ötlik	[/V][Pst.NDef.3Sg]	VERB	Definite=Ind|Mood=Ind|Number=Sing|Person=3|Tense=Past|VerbForm=Fin|Voice=Act	66	ATT	59
még	még	[/Adv]	ADV	_	67	TLOCY	66
agyamba	agy	[/N][Poss.1Sg][Ill]	NOUN	Case=Ill|Number=Sing|Number[psor]=Sing|Person[psor]=1	68	OBL	69
anyaga	anyag	[/N][Poss.3Sg][Nom]	NOUN	Case=Nom|Number=Sing|Number[psor]=Sing|Person[psor]=3	69	SUBJ	66
csak	csak	[/Adv]	ADV	_	70	MODE	71
papírmasé	papírmasé	[/N][Nom]	NOUN	Case=Nom|Number=Sing	71	PRED	72
volt	van	[/V][Pst.NDef.3Sg]	VERB	Definite=Ind|Mood=Ind|Number=Sing|Person=3|Tense=Past|VerbForm=Fin|Voice=Act	72	COORD	58
eszméletem	eszmélet	[/N][Poss.1Sg][Nom]	NOUN	Case=Nom|Number=Sing|Number[psor]=Sing|Person[psor]=1	73	SUBJ	72
ezt	ez	[/Det|Pro][Acc]	PRON	Case=Acc|Number=Sing|Person=3|PronType=Dem	74	OBJ	75
hajtogatta	hajtogat	[/V][Pst.Def.3Sg]	VERB	Definite=Def|Mood=Ind|Number=Sing|Person=3|Tense=Past|VerbForm=Fin|Voice=Act	75	ATT	72

#  ref: doc#2011
#  left_length: 2
#  kwic_length: 1
#  right_length: 4
#  sent: Beh erősen vágyakoztam én fürödni abban !
Beh	Beh	[/N][Nom]	PROPN	Case=Nom|Number=Sing	1	SUBJ	3
erősen	erős	[/Adj][_Manner/Adv]	ADJ	Case=Ess|Degree=Pos|Number=Sing	2	MODE	3
vágyakoztam	vágyakozik	[/V][Pst.Def.1Sg]	VERB	Definite=Def|Mood=Ind|Number=Sing|Person=1|Tense=Past|VerbForm=Fin|Voice=Act	3	ROOT	0
én	én	[/N|Pro][1Sg][Nom]	PRON	Case=Nom|Number=Sing|Person=1|PronType=Prs	4	SUBJ	5
fürödni	fürdik	[/V][Inf]	VERB	VerbForm=Inf|Voice=Act	5	INF	3
abban	az	[/Det|Pro][Ine]	PRON	Case=Ine|Number=Sing|Person=3|PronType=Dem	6	OBL	5
!	!	[Punct]	PUNCT	_	7	PUNCT	0

#  ref: doc#2371
#  left_length: 4
#  kwic_length: 1
#  right_length: 8
#  sent: A nyári melegben mindannyian vágyakoztunk már lehűteni magunkat a saját kerti medencénkben !
A	a	[/Det|Art.Def]	DET	Definite=Def|PronType=Art	1	DET	3
nyári	nyári	[/Adj][Nom]	ADJ	Case=Nom|Degree=Pos|Number=Sing	2	ATT	3
melegben	meleg	[/N][Ine]	NOUN	Case=Ine|Number=Sing	3	OBL	5
mindannyian	mindannyi	[/Num|Pro][_Aggreg/Adv]	NUM	Case=Nom|Number=Sing|NumType=Card	4	SUBJ	5
vágyakoztunk	vágyakozik	[/V][Pst.NDef.1Pl]	VERB	Definite=Ind|Mood=Ind|Number=Plur|Person=1|Tense=Past|VerbForm=Fin|Voice=Act	5	ROOT	0
már	már	[/Adv]	ADV	_	6	TLOCY	7
lehűteni	lehűt	[/V][Inf]	VERB	VerbForm=Inf|Voice=Act	7	INF	5
magunkat	maga	[/N|Pro][1Pl][Acc]	PRON	Case=Acc|Number=Plur|Person=1|Reflex=Yes	8	OBJ	7
a	a	[/Det|Art.Def]	DET	Definite=Def|PronType=Art	9	DET	12
saját	saját	[/Adj][Nom]	ADJ	Case=Nom|Degree=Pos|Number=Sing	10	ATT	12
kerti	kerti	[/Adj][Nom]	ADJ	Case=Nom|Degree=Pos|Number=Sing	11	ATT	12
medencénkben	medence	[/N][Poss.1Pl][Ine]	NOUN	Case=Ine|Number=Sing|Number[psor]=Plur|Person[psor]=1	12	OBL	7
!	!	[Punct]	PUNCT	_	13	PUNCT	0

#  ref: doc#2389
#  left_length: 10
#  kwic_length: 1
#  right_length: 6
#  sent: Azt hittem , nem élem túl , talán ezért is vágyakozok jobban látni otthonomat és családomat .
Azt	az	[/Det|Pro][Acc]	PRON	Case=Acc|Number=Sing|Person=3|PronType=Dem	1	OBJ	2
hittem	hisz	[/V][Pst.Def.1Sg]	VERB	Definite=Def|Mood=Ind|Number=Sing|Person=1|Tense=Past|VerbForm=Fin|Voice=Act	2	ROOT	0
,	,	[Punct]	PUNCT	_	3	PUNCT	2
nem	nem	[/Adv]	ADV	PronType=Neg	4	NEG	5
élem	él	[/V][Prs.Def.1Sg]	VERB	Definite=Def|Mood=Ind|Number=Sing|Person=1|Tense=Pres|VerbForm=Fin|Voice=Act	5	ATT	2
túl	túl	[/Prev]	ADV	_	6	LOCY	5
,	,	[Punct]	PUNCT	_	7	PUNCT	5
talán	talán	[/Adv]	ADV	_	8	MODE	11
ezért	ezért	[/Adv|Pro]	PRON	Case=Nom|Number=Sing|Person=3|PronType=Prs	9	SUBJ	11
is	is	[/Adv]	ADV	_	10	MODE	11
vágyakozok	vágyakozik	[/V][Prs.NDef.1Sg]	VERB	Definite=Ind|Mood=Ind|Number=Sing|Person=1|Tense=Pres|VerbForm=Fin|Voice=Act	11	COORD	5
jobban	jobban	[/Adv]	ADV	_	12	MODE	13
látni	lát	[/V][Inf]	VERB	VerbForm=Inf|Voice=Act	13	INF	11
otthonomat	otthon	[/N][Poss.1Sg][Acc]	NOUN	Case=Acc|Number=Sing|Number[psor]=Sing|Person[psor]=1	14	OBJ	13
és	és	[/Cnj]	CONJ	_	15	CONJ	14
családomat	család	[/N][Poss.1Sg][Acc]	NOUN	Case=Acc|Number=Sing|Number[psor]=Sing|Person[psor]=1	16	COORD	15
.	.	[Punct]	PUNCT	_	17	PUNCT	0

#  ref: doc#2513
#  left_length: 1
#  kwic_length: 1
#  right_length: 24
#  sent: Mindig vágyakozik valamit megismerni a nagy kérdésekben : mi az élet értelme , a munka értelme , és mi lesz velünk a halál után . &rdquo;
Mindig	mindig	[/Adv]	ADV	_	1	TLOCY	2
vágyakozik	vágyakozik	[/V][Prs.NDef.3Sg]	VERB	Definite=Ind|Mood=Ind|Number=Sing|Person=3|Tense=Pres|VerbForm=Fin|Voice=Act	2	ROOT	0
valamit	valami	[/N|Pro][Acc]	PRON	Case=Acc|Number=Sing|Person=3|PronType=Ind	3	OBJ	4
megismerni	megismer	[/V][Inf]	VERB	VerbForm=Inf|Voice=Act	4	INF	2
a	a	[/Det|Art.Def]	DET	Definite=Def|PronType=Art	5	DET	7
nagy	nagy	[/Adj][Nom]	ADJ	Case=Nom|Degree=Pos|Number=Sing	6	ATT	7
kérdésekben	kérdés	[/N][Pl][Ine]	NOUN	Case=Ine|Number=Plur	7	OBL	4
:	:	[Punct]	PUNCT	_	8	PUNCT	2
mi	mi	[/N|Pro|Int][Nom]	PRON	Case=Nom|Number=Sing|Person=3|PronType=Prs	9	SUBJ	20
az	az	[/Det|Art.Def]	DET	Definite=Def|PronType=Art	10	DET	11
élet	élet	[/N][Nom]	NOUN	Case=Nom|Number=Sing	11	ATT	12
értelme	értelem	[/N][Poss.3Sg][Nom]	NOUN	Case=Nom|Number=Sing|Number[psor]=Sing|Person[psor]=3	12	PRED	20
,	,	[Punct]	PUNCT	_	13	PUNCT	12
a	a	[/Det|Art.Def]	DET	Definite=Def|PronType=Art	14	DET	15
munka	munka	[/N][Nom]	NOUN	Case=Nom|Number=Sing	15	ATT	16
értelme	értelem	[/N][Poss.3Sg][Nom]	NOUN	Case=Nom|Number=Sing|Number[psor]=Sing|Person[psor]=3	16	COORD	12
,	,	[Punct]	PUNCT	_	17	PUNCT	16
és	és	[/Cnj]	CONJ	_	18	CONJ	16
mi	mi	[/N|Pro|Int][Nom]	PRON	Case=Nom|Number=Sing|Person=3|PronType=Prs	19	COORD	18
lesz	lesz	[/V][Prs.NDef.3Sg]	VERB	Definite=Ind|Mood=Ind|Number=Sing|Person=3|Tense=Pres|VerbForm=Fin|Voice=Act	20	ATT	2
velünk	mi	[/N|Pro][Ins][1Pl]	PRON	Case=Ins|Number=Plur|Person=1|PronType=Prs	21	OBL	20
a	a	[/Det|Art.Def]	DET	Definite=Def|PronType=Art	22	DET	23
halál	halál	[/N][Nom]	NOUN	Case=Nom|Number=Sing	23	ATT	24
után	után	[/Post]	ADP	_	24	TLOCY	20
.	.	[Punct]	PUNCT	_	25	PUNCT	0
&rdquo;	&rdquo;	[/N][Nom]	NOUN	Case=Nom|Number=Sing	26	COORD	19

#  ref: doc#2781
#  left_length: 4
#  kwic_length: 1
#  right_length: 3
#  sent: Vagy talán nem is vágyakozol oda jutni ?
Vagy	vagy	[/Cnj]	CONJ	_	1	CONJ	5
talán	talán	[/Adv]	ADV	_	2	MODE	5
nem	nem	[/Adv]	ADV	PronType=Neg	3	NEG	5
is	is	[/Adv]	ADV	_	4	MODE	5
vágyakozol	vágyakozik	[/V][Prs.NDef.2Sg]	VERB	Definite=Ind|Mood=Ind|Number=Sing|Person=2|Tense=Pres|VerbForm=Fin|Voice=Act	5	ROOT	0
oda	oda	[/Adv|Pro]	PRON	Case=Nom|Number=Sing|Person=3|PronType=Prs	6	SUBJ	5
jutni	jut	[/V][Inf]	VERB	VerbForm=Inf|Voice=Act	7	INF	5
?	?	[Punct]	PUNCT	_	8	PUNCT	0

#  ref: doc#2796
#  left_length: 38
#  kwic_length: 1
#  right_length: 3
#  sent: 2. Kami Garcia &amp; Margaret Stohl : Beautiful Darkness - Lenyűgöző sötétség Hogyan kaparintottam meg : Az első rész filmváltozata februárban a mozikba kerül , itthon is , és megrendeltem , hogy ott legyen , ha netán nagyon vágyakoznék tovább olvasni .
2.	2	[/Num|Digit][_Ord/Adj][Nom][]	ADJ	Case=Nom|Number=Sing|NumType=Ord	1	ATT	4
Kami	Kami	[/N][Nom]	PROPN	Case=Nom|Number=Sing	2	NE	3
Garcia	Garcia	[/N]	PROPN	Case=Nom|Number=Sing	3	ATT	4
&amp;	&amp;	[/N][Nom]	NOUN	Case=Nom|Number=Sing	4	ATT	6
Margaret	Margaret	[/N][Nom]	PROPN	Case=Nom|Number=Sing	5	NE	6
Stohl	Stohl	[/N][Nom]	PROPN	Case=Nom|Number=Sing	6	APPEND	12
:	:	[Punct]	PUNCT	_	7	PUNCT	6
Beautiful	Beautiful	[/N][Nom]	PROPN	Case=Nom|Number=Sing	8	NE	9
Darkness	Darkness	[/N][Nom]	PROPN	Case=Nom|Number=Sing	9	COORD	6
-	-	[Punct]	PUNCT	_	10	PUNCT	6
Lenyűgöző	lenyűgöző	[/Adj][Nom]	ADJ	Case=Nom|Degree=Pos|Number=Sing	11	ATT	12
sötétség	sötétség	[/N][Nom]	NOUN	Case=Nom|Number=Sing	12	SUBJ	14
Hogyan	hogyan	[/Adv|Pro|Int]	PRON	Case=Nom|Number=Sing|Person=3|PronType=Int	13	MODE	14
kaparintottam	kaparint	[/V][Pst.Def.1Sg]	VERB	Definite=Def|Mood=Ind|Number=Sing|Person=1|Tense=Past|VerbForm=Fin|Voice=Act	14	ROOT	0
meg	meg	[/Prev]	PART	_	15	PREVERB	14
:	:	[Punct]	PUNCT	_	16	PUNCT	14
Az	az	[/Det|Art.Def]	DET	Definite=Def|PronType=Art	17	DET	19
első	egy	[/Num][_Ord/Adj][Nom]	ADJ	Case=Nom|Number=Sing|NumType=Ord	18	ATT	19
rész	rész	[/N][Nom]	NOUN	Case=Nom|Number=Sing	19	ATT	20
filmváltozata	filmváltozat	[/N][Poss.3Sg][Nom]	NOUN	Case=Nom|Number=Sing|Number[psor]=Sing|Person[psor]=3	20	SUBJ	24
februárban	február	[/N][Ine]	NOUN	Case=Ine|Number=Sing	21	OBL	24
a	a	[/Det|Art.Def]	DET	Definite=Def|PronType=Art	22	DET	23
mozikba	mozi	[/N][Pl][Ill]	NOUN	Case=Ill|Number=Plur	23	OBL	24
kerül	kerül	[/V][Prs.NDef.3Sg]	VERB	Definite=Ind|Mood=Ind|Number=Sing|Person=3|Tense=Pres|VerbForm=Fin|Voice=Act	24	ATT	14
,	,	[Punct]	PUNCT	_	25	PUNCT	24
itthon	itthon	[/Adv]	ADV	_	26	MODE	24
is	is	[/Adv]	ADV	_	27	MODE	26
,	,	[Punct]	PUNCT	_	28	PUNCT	24
és	és	[/Cnj]	CONJ	_	29	CONJ	24
megrendeltem	megrendel	[/V][Pst.Def.1Sg]	VERB	Definite=Def|Mood=Ind|Number=Sing|Person=1|Tense=Past|VerbForm=Fin|Voice=Act	30	COORD	29
,	,	[Punct]	PUNCT	_	31	PUNCT	30
hogy	hogy	[/Cnj]	SCONJ	_	32	CONJ	30
ott	ott	[/Adv|Pro]	PRON	Case=Nom|Number=Sing|Person=3|PronType=Prs	33	SUBJ	34
legyen	van	[/V][Sbjv.NDef.3Sg]	VERB	Definite=Ind|Mood=Imp|Number=Sing|Person=3|Tense=Pres|VerbForm=Fin|Voice=Act	34	ATT	32
,	,	[Punct]	PUNCT	_	35	PUNCT	34
ha	ha	[/Cnj]	SCONJ	_	36	CONJ	34
netán	netán	[/Adv]	ADV	_	37	MODE	39
nagyon	nagyon	[/Adv]	ADV	_	38	MODE	39
vágyakoznék	vágyakozik	[/V][Cond.NDef.1Sg]	VERB	Definite=Ind|Mood=Cnd|Number=Sing|Person=1|Tense=Pres|VerbForm=Fin|Voice=Act	39	ATT	36
tovább	tovább	[/Adv]	ADV	_	40	TTO	41
olvasni	olvas	[/V][Inf]	VERB	VerbForm=Inf|Voice=Act	41	INF	39
.	.	[Punct]	PUNCT	_	42	PUNCT	0

#  ref: doc#2841
#  left_length: 10
#  kwic_length: 1
#  right_length: 4
#  sent: Úgy tekintettek a szentély-templomra , mint Isten lakhelyére , és vágyakoztak megpillantani Isten arcát .
Úgy	úgy	[/Adv|Pro]	PRON	Case=Nom|Number=Sing|Person=3|PronType=Prs	1	SUBJ	2
tekintettek	tekint	[/V][Pst.NDef.3Pl]	VERB	Definite=Ind|Mood=Ind|Number=Plur|Person=3|Tense=Past|VerbForm=Fin|Voice=Act	2	ROOT	0
a	a	[/Det|Art.Def]	DET	Definite=Def|PronType=Art	3	DET	4
szentély-templomra	szentély-templom	[/N][Subl]	NOUN	Case=Sub|Number=Sing	4	OBL	2
,	,	[Punct]	PUNCT	_	5	PUNCT	2
mint	mint	[/Cnj]	SCONJ	_	6	CONJ	2
Isten	isten	[/N][Nom]	NOUN	Case=Nom|Number=Sing	7	ATT	8
lakhelyére	lakhely	[/N][Poss.3Sg][Subl]	NOUN	Case=Sub|Number=Sing|Number[psor]=Sing|Person[psor]=3	8	ATT	6
,	,	[Punct]	PUNCT	_	9	PUNCT	2
és	és	[/Cnj]	CONJ	_	10	CONJ	2
vágyakoztak	vágyakozik	[/V][Pst.NDef.3Pl]	VERB	Definite=Ind|Mood=Ind|Number=Plur|Person=3|Tense=Past|VerbForm=Fin|Voice=Act	11	COORD	10
megpillantani	megpillant	[/V][Inf]	VERB	VerbForm=Inf|Voice=Act	12	INF	11
Isten	isten	[/N][Nom]	NOUN	Case=Nom|Number=Sing	13	ATT	14
arcát	arc	[/N][Poss.3Sg][Acc]	NOUN	Case=Acc|Number=Sing|Number[psor]=Sing|Person[psor]=3	14	OBJ	12
.	.	[Punct]	PUNCT	_	15	PUNCT	0

#  ref: doc#2846
#  left_length: 10
#  kwic_length: 1
#  right_length: 4
#  sent: Úgy tekintettek a szentély-templomra , mint Isten lakhelyére , és vágyakoztak megpillantani Isten arcát .
Úgy	úgy	[/Adv|Pro]	PRON	Case=Nom|Number=Sing|Person=3|PronType=Prs	1	SUBJ	2
tekintettek	tekint	[/V][Pst.NDef.3Pl]	VERB	Definite=Ind|Mood=Ind|Number=Plur|Person=3|Tense=Past|VerbForm=Fin|Voice=Act	2	ROOT	0
a	a	[/Det|Art.Def]	DET	Definite=Def|PronType=Art	3	DET	4
szentély-templomra	szentély-templom	[/N][Subl]	NOUN	Case=Sub|Number=Sing	4	OBL	2
,	,	[Punct]	PUNCT	_	5	PUNCT	2
mint	mint	[/Cnj]	SCONJ	_	6	CONJ	2
Isten	isten	[/N][Nom]	NOUN	Case=Nom|Number=Sing	7	ATT	8
lakhelyére	lakhely	[/N][Poss.3Sg][Subl]	NOUN	Case=Sub|Number=Sing|Number[psor]=Sing|Person[psor]=3	8	ATT	6
,	,	[Punct]	PUNCT	_	9	PUNCT	2
és	és	[/Cnj]	CONJ	_	10	CONJ	2
vágyakoztak	vágyakozik	[/V][Pst.NDef.3Pl]	VERB	Definite=Ind|Mood=Ind|Number=Plur|Person=3|Tense=Past|VerbForm=Fin|Voice=Act	11	COORD	10
megpillantani	megpillant	[/V][Inf]	VERB	VerbForm=Inf|Voice=Act	12	INF	11
Isten	isten	[/N][Nom]	NOUN	Case=Nom|Number=Sing	13	ATT	14
arcát	arc	[/N][Poss.3Sg][Acc]	NOUN	Case=Acc|Number=Sing|Number[psor]=Sing|Person[psor]=3	14	OBJ	12
.	.	[Punct]	PUNCT	_	15	PUNCT	0

#  ref: doc#2853
#  left_length: 7
#  kwic_length: 1
#  right_length: 14
#  sent: Azért sóhajtozunk ebben a testben , mivel vágyakozunk felölteni rá mennyből való hajlékunkat , ha ugyan nem bizonyulunk felöltözve is mezíteleneknek .
Azért	azért	[/Adv|Pro]	PRON	Case=Nom|Number=Sing|Person=3|PronType=Prs	1	MODE	2
sóhajtozunk	sóhajtozik	[/V][Prs.NDef.1Pl]	VERB	Definite=Ind|Mood=Ind|Number=Plur|Person=1|Tense=Pres|VerbForm=Fin|Voice=Act	2	ROOT	0
ebben	ez	[/Det|Pro][Ine]	PRON	Case=Ine|Number=Sing|Person=3|PronType=Dem	3	OBL	5
a	a	[/Det|Art.Def]	DET	Definite=Def|PronType=Art	4	DET	5
testben	test	[/N][Ine]	NOUN	Case=Ine|Number=Sing	5	OBL	2
,	,	[Punct]	PUNCT	_	6	PUNCT	2
mivel	mi	[/N|Pro|Int][Ins]	PRON	Case=Ins|Number=Sing|Person=3|PronType=Prs	7	OBL	9
vágyakozunk	vágyakozik	[/V][Prs.NDef.1Pl]	VERB	Definite=Ind|Mood=Ind|Number=Plur|Person=1|Tense=Pres|VerbForm=Fin|Voice=Act	8	ATT	2
felölteni	felölt	[/V][Inf]	VERB	VerbForm=Inf|Voice=Act	9	INF	8
rá	ő	[/N|Pro][Subl][3Sg]	PRON	Case=Sub|Number=Sing|Person=3|PronType=Prs	10	PREVERB	9
mennyből	menny	[/N][Ela]	NOUN	Case=Ela|Number=Sing	11	OBL	12
való	való	[/Adj][Nom]	ADJ	Case=Nom|Degree=Pos|Number=Sing	12	ATT	13
hajlékunkat	hajlék	[/N][Poss.1Pl][Acc]	NOUN	Case=Acc|Number=Sing|Number[psor]=Plur|Person[psor]=1	13	OBJ	9
,	,	[Punct]	PUNCT	_	14	PUNCT	8
ha	ha	[/Cnj]	SCONJ	_	15	CONJ	8
ugyan	ugyan	[/Adv]	ADV	_	16	MODE	18
nem	nem	[/Adv]	ADV	PronType=Neg	17	NEG	18
bizonyulunk	bizonyul	[/V][Prs.NDef.1Pl]	VERB	Definite=Ind|Mood=Ind|Number=Plur|Person=1|Tense=Pres|VerbForm=Fin|Voice=Act	18	ATT	15
felöltözve	felöltözik	[/V][_AdvPtcp/Adv]	ADV	VerbForm=Trans	19	MODE	18
is	is	[/Adv]	ADV	_	20	MODE	19
mezíteleneknek	mezítelen	[/Adj][Pl][Dat]	ADJ	Case=Dat|Degree=Pos|Number=Plur	21	DAT	18
.	.	[Punct]	PUNCT	_	22	PUNCT	0

#  ref: doc#2857
#  left_length: 7
#  kwic_length: 1
#  right_length: 14
#  sent: Azért sóhajtozunk ebben a testben , mivel vágyakozunk felölteni rá mennyből való hajlékunkat , ha ugyan nem bizonyulunk felöltözve is mezíteleneknek .
Azért	azért	[/Adv|Pro]	PRON	Case=Nom|Number=Sing|Person=3|PronType=Prs	1	MODE	2
sóhajtozunk	sóhajtozik	[/V][Prs.NDef.1Pl]	VERB	Definite=Ind|Mood=Ind|Number=Plur|Person=1|Tense=Pres|VerbForm=Fin|Voice=Act	2	ROOT	0
ebben	ez	[/Det|Pro][Ine]	PRON	Case=Ine|Number=Sing|Person=3|PronType=Dem	3	OBL	5
a	a	[/Det|Art.Def]	DET	Definite=Def|PronType=Art	4	DET	5
testben	test	[/N][Ine]	NOUN	Case=Ine|Number=Sing	5	OBL	2
,	,	[Punct]	PUNCT	_	6	PUNCT	2
mivel	mi	[/N|Pro|Int][Ins]	PRON	Case=Ins|Number=Sing|Person=3|PronType=Prs	7	OBL	9
vágyakozunk	vágyakozik	[/V][Prs.NDef.1Pl]	VERB	Definite=Ind|Mood=Ind|Number=Plur|Person=1|Tense=Pres|VerbForm=Fin|Voice=Act	8	ATT	2
felölteni	felölt	[/V][Inf]	VERB	VerbForm=Inf|Voice=Act	9	INF	8
rá	ő	[/N|Pro][Subl][3Sg]	PRON	Case=Sub|Number=Sing|Person=3|PronType=Prs	10	PREVERB	9
mennyből	menny	[/N][Ela]	NOUN	Case=Ela|Number=Sing	11	OBL	12
való	való	[/Adj][Nom]	ADJ	Case=Nom|Degree=Pos|Number=Sing	12	ATT	13
hajlékunkat	hajlék	[/N][Poss.1Pl][Acc]	NOUN	Case=Acc|Number=Sing|Number[psor]=Plur|Person[psor]=1	13	OBJ	9
,	,	[Punct]	PUNCT	_	14	PUNCT	8
ha	ha	[/Cnj]	SCONJ	_	15	CONJ	8
ugyan	ugyan	[/Adv]	ADV	_	16	MODE	18
nem	nem	[/Adv]	ADV	PronType=Neg	17	NEG	18
bizonyulunk	bizonyul	[/V][Prs.NDef.1Pl]	VERB	Definite=Ind|Mood=Ind|Number=Plur|Person=1|Tense=Pres|VerbForm=Fin|Voice=Act	18	ATT	15
felöltözve	felöltözik	[/V][_AdvPtcp/Adv]	ADV	VerbForm=Trans	19	MODE	18
is	is	[/Adv]	ADV	_	20	MODE	19
mezíteleneknek	mezítelen	[/Adj][Pl][Dat]	ADJ	Case=Dat|Degree=Pos|Number=Plur	21	DAT	18
.	.	[Punct]	PUNCT	_	22	PUNCT	0

#  ref: doc#2860
#  left_length: 7
#  kwic_length: 1
#  right_length: 14
#  sent: Azért sóhajtozunk ebben a testben , mivel vágyakozunk felölteni rá mennyből való hajlékunkat , ha ugyan nem bizonyulunk felöltözve is mezíteleneknek .
Azért	azért	[/Adv|Pro]	PRON	Case=Nom|Number=Sing|Person=3|PronType=Prs	1	MODE	2
sóhajtozunk	sóhajtozik	[/V][Prs.NDef.1Pl]	VERB	Definite=Ind|Mood=Ind|Number=Plur|Person=1|Tense=Pres|VerbForm=Fin|Voice=Act	2	ROOT	0
ebben	ez	[/Det|Pro][Ine]	PRON	Case=Ine|Number=Sing|Person=3|PronType=Dem	3	OBL	5
a	a	[/Det|Art.Def]	DET	Definite=Def|PronType=Art	4	DET	5
testben	test	[/N][Ine]	NOUN	Case=Ine|Number=Sing	5	OBL	2
,	,	[Punct]	PUNCT	_	6	PUNCT	2
mivel	mi	[/N|Pro|Int][Ins]	PRON	Case=Ins|Number=Sing|Person=3|PronType=Prs	7	OBL	9
vágyakozunk	vágyakozik	[/V][Prs.NDef.1Pl]	VERB	Definite=Ind|Mood=Ind|Number=Plur|Person=1|Tense=Pres|VerbForm=Fin|Voice=Act	8	ATT	2
felölteni	felölt	[/V][Inf]	VERB	VerbForm=Inf|Voice=Act	9	INF	8
rá	ő	[/N|Pro][Subl][3Sg]	PRON	Case=Sub|Number=Sing|Person=3|PronType=Prs	10	PREVERB	9
mennyből	menny	[/N][Ela]	NOUN	Case=Ela|Number=Sing	11	OBL	12
való	való	[/Adj][Nom]	ADJ	Case=Nom|Degree=Pos|Number=Sing	12	ATT	13
hajlékunkat	hajlék	[/N][Poss.1Pl][Acc]	NOUN	Case=Acc|Number=Sing|Number[psor]=Plur|Person[psor]=1	13	OBJ	9
,	,	[Punct]	PUNCT	_	14	PUNCT	8
ha	ha	[/Cnj]	SCONJ	_	15	CONJ	8
ugyan	ugyan	[/Adv]	ADV	_	16	MODE	18
nem	nem	[/Adv]	ADV	PronType=Neg	17	NEG	18
bizonyulunk	bizonyul	[/V][Prs.NDef.1Pl]	VERB	Definite=Ind|Mood=Ind|Number=Plur|Person=1|Tense=Pres|VerbForm=Fin|Voice=Act	18	ATT	15
felöltözve	felöltözik	[/V][_AdvPtcp/Adv]	ADV	VerbForm=Trans	19	MODE	18
is	is	[/Adv]	ADV	_	20	MODE	19
mezíteleneknek	mezítelen	[/Adj][Pl][Dat]	ADJ	Case=Dat|Degree=Pos|Number=Plur	21	DAT	18
.	.	[Punct]	PUNCT	_	22	PUNCT	0

#  ref: doc#2863
#  left_length: 7
#  kwic_length: 1
#  right_length: 14
#  sent: Azért sóhajtozunk ebben a testben , mivel vágyakozunk felölteni rá mennyből való hajlékunkat , ha ugyan nem bizonyulunk felöltözve is mezíteleneknek .
Azért	azért	[/Adv|Pro]	PRON	Case=Nom|Number=Sing|Person=3|PronType=Prs	1	MODE	2
sóhajtozunk	sóhajtozik	[/V][Prs.NDef.1Pl]	VERB	Definite=Ind|Mood=Ind|Number=Plur|Person=1|Tense=Pres|VerbForm=Fin|Voice=Act	2	ROOT	0
ebben	ez	[/Det|Pro][Ine]	PRON	Case=Ine|Number=Sing|Person=3|PronType=Dem	3	OBL	5
a	a	[/Det|Art.Def]	DET	Definite=Def|PronType=Art	4	DET	5
testben	test	[/N][Ine]	NOUN	Case=Ine|Number=Sing	5	OBL	2
,	,	[Punct]	PUNCT	_	6	PUNCT	2
mivel	mi	[/N|Pro|Int][Ins]	PRON	Case=Ins|Number=Sing|Person=3|PronType=Prs	7	OBL	9
vágyakozunk	vágyakozik	[/V][Prs.NDef.1Pl]	VERB	Definite=Ind|Mood=Ind|Number=Plur|Person=1|Tense=Pres|VerbForm=Fin|Voice=Act	8	ATT	2
felölteni	felölt	[/V][Inf]	VERB	VerbForm=Inf|Voice=Act	9	INF	8
rá	ő	[/N|Pro][Subl][3Sg]	PRON	Case=Sub|Number=Sing|Person=3|PronType=Prs	10	PREVERB	9
mennyből	menny	[/N][Ela]	NOUN	Case=Ela|Number=Sing	11	OBL	12
való	való	[/Adj][Nom]	ADJ	Case=Nom|Degree=Pos|Number=Sing	12	ATT	13
hajlékunkat	hajlék	[/N][Poss.1Pl][Acc]	NOUN	Case=Acc|Number=Sing|Number[psor]=Plur|Person[psor]=1	13	OBJ	9
,	,	[Punct]	PUNCT	_	14	PUNCT	8
ha	ha	[/Cnj]	SCONJ	_	15	CONJ	8
ugyan	ugyan	[/Adv]	ADV	_	16	MODE	18
nem	nem	[/Adv]	ADV	PronType=Neg	17	NEG	18
bizonyulunk	bizonyul	[/V][Prs.NDef.1Pl]	VERB	Definite=Ind|Mood=Ind|Number=Plur|Person=1|Tense=Pres|VerbForm=Fin|Voice=Act	18	ATT	15
felöltözve	felöltözik	[/V][_AdvPtcp/Adv]	ADV	VerbForm=Trans	19	MODE	18
is	is	[/Adv]	ADV	_	20	MODE	19
mezíteleneknek	mezítelen	[/Adj][Pl][Dat]	ADJ	Case=Dat|Degree=Pos|Number=Plur	21	DAT	18
.	.	[Punct]	PUNCT	_	22	PUNCT	0

#  ref: doc#2877
#  left_length: 24
#  kwic_length: 1
#  right_length: 8
#  sent: " Átreidész Meneláosz , Zeusz-sarj , nép fejedelme , lxv . engedj már , kérlek , szeretett földjére hazámnak , lxvi . mert már vágyakozik bennem hazatérni a lélek . " lxvii .
"	"	[Punct]	PUNCT	_	1	PUNCT	12
Átreidész	Átreidész	[/N][Nom]	PROPN	Case=Nom|Number=Sing	2	NE	3
Meneláosz	Meneláosz	[/N][Nom]	PROPN	Case=Nom|Number=Sing	3	APPEND	12
,	,	[Punct]	PUNCT	_	4	PUNCT	3
Zeusz-sarj	Zeusz-sarj	[/N][Nom]	PROPN	Case=Nom|Number=Sing	5	COORD	3
,	,	[Punct]	PUNCT	_	6	PUNCT	5
nép	nép	[/N][Nom]	NOUN	Case=Nom|Number=Sing	7	ATT	8
fejedelme	fejedelem	[/N][Poss.3Sg][Nom]	NOUN	Case=Nom|Number=Sing|Number[psor]=Sing|Person[psor]=3	8	COORD	5
,	,	[Punct]	PUNCT	_	9	PUNCT	8
lxv	lxv	[/N][Nom]	NOUN	Case=Nom|Number=Sing	10	COORD	8
.	.	[Punct]	PUNCT	_	11	PUNCT	3
engedj	enged	[/V][Sbjv.NDef.2Sg]	VERB	Definite=Ind|Mood=Imp|Number=Sing|Person=2|Tense=Pres|VerbForm=Fin|Voice=Act	12	ATT	15
már	már	[/Adv]	ADV	_	13	TLOCY	12
,	,	[Punct]	PUNCT	_	14	PUNCT	12
kérlek	kér	[/V][Prs.1Sg›2]	VERB	Definite=2|Mood=Ind|Number=Sing|Person=1|Tense=Pres|VerbForm=Fin|Voice=Act	15	ROOT	0
,	,	[Punct]	PUNCT	_	16	PUNCT	15
szeretett	szeret	[/V][Pst.NDef.3Sg]	VERB	Definite=Ind|Mood=Ind|Number=Sing|Person=3|Tense=Past|VerbForm=Fin|Voice=Act	17	ATT	15
földjére	föld	[/N][Poss.3Sg][Subl]	NOUN	Case=Sub|Number=Sing|Number[psor]=Sing|Person[psor]=3	18	OBL	17
hazámnak	haza	[/N][Poss.1Sg][Dat]	NOUN	Case=Dat|Number=Sing|Number[psor]=Sing|Person[psor]=1	19	DAT	17
,	,	[Punct]	PUNCT	_	20	PUNCT	17
lxvi	lxvi	[/Adj][Nom]	ADJ	Case=Nom|Degree=Pos|Number=Sing	21	ATT	23
.	.	[Punct]	PUNCT	_	22	PUNCT	21
mert	mert	[/Cnj]	SCONJ	_	23	CONJ	17
már	már	[/Adv]	ADV	_	24	TLOCY	25
vágyakozik	vágyakozik	[/V][Prs.NDef.3Sg]	VERB	Definite=Ind|Mood=Ind|Number=Sing|Person=3|Tense=Pres|VerbForm=Fin|Voice=Act	25	ATT	23
bennem	én	[/N|Pro][Ine][1Sg]	PRON	Case=Ine|Number=Sing|Person=1|PronType=Prs	26	OBL	25
hazatérni	hazatér	[/V][Inf]	VERB	VerbForm=Inf|Voice=Act	27	INF	25
a	a	[/Det|Art.Def]	DET	Definite=Def|PronType=Art	28	DET	29
lélek	lélek	[/N][Nom]	NOUN	Case=Nom|Number=Sing	29	SUBJ	25
.	.	[Punct]	PUNCT	_	30	PUNCT	25
"	"	[Punct]	PUNCT	_	31	PUNCT	25
lxvii	lxvii	[/V][Inf]	VERB	VerbForm=Inf|Voice=Act	32	INF	25
.	.	[Punct]	PUNCT	_	33	PUNCT	0

#  ref: doc#2885
#  left_length: 24
#  kwic_length: 1
#  right_length: 8
#  sent: " Átreidész Meneláosz , Zeusz-sarj , nép fejedelme , lxv . engedj már , kérlek , szeretett földjére hazámnak , lxvi . mert már vágyakozik bennem hazatérni a lélek . " lxvii .
"	"	[Punct]	PUNCT	_	1	PUNCT	12
Átreidész	Átreidész	[/N][Nom]	PROPN	Case=Nom|Number=Sing	2	NE	3
Meneláosz	Meneláosz	[/N][Nom]	PROPN	Case=Nom|Number=Sing	3	APPEND	12
,	,	[Punct]	PUNCT	_	4	PUNCT	3
Zeusz-sarj	Zeusz-sarj	[/N][Nom]	PROPN	Case=Nom|Number=Sing	5	COORD	3
,	,	[Punct]	PUNCT	_	6	PUNCT	5
nép	nép	[/N][Nom]	NOUN	Case=Nom|Number=Sing	7	ATT	8
fejedelme	fejedelem	[/N][Poss.3Sg][Nom]	NOUN	Case=Nom|Number=Sing|Number[psor]=Sing|Person[psor]=3	8	COORD	5
,	,	[Punct]	PUNCT	_	9	PUNCT	8
lxv	lxv	[/N][Nom]	NOUN	Case=Nom|Number=Sing	10	COORD	8
.	.	[Punct]	PUNCT	_	11	PUNCT	3
engedj	enged	[/V][Sbjv.NDef.2Sg]	VERB	Definite=Ind|Mood=Imp|Number=Sing|Person=2|Tense=Pres|VerbForm=Fin|Voice=Act	12	ATT	15
már	már	[/Adv]	ADV	_	13	TLOCY	12
,	,	[Punct]	PUNCT	_	14	PUNCT	12
kérlek	kér	[/V][Prs.1Sg›2]	VERB	Definite=2|Mood=Ind|Number=Sing|Person=1|Tense=Pres|VerbForm=Fin|Voice=Act	15	ROOT	0
,	,	[Punct]	PUNCT	_	16	PUNCT	15
szeretett	szeret	[/V][Pst.NDef.3Sg]	VERB	Definite=Ind|Mood=Ind|Number=Sing|Person=3|Tense=Past|VerbForm=Fin|Voice=Act	17	ATT	15
földjére	föld	[/N][Poss.3Sg][Subl]	NOUN	Case=Sub|Number=Sing|Number[psor]=Sing|Person[psor]=3	18	OBL	17
hazámnak	haza	[/N][Poss.1Sg][Dat]	NOUN	Case=Dat|Number=Sing|Number[psor]=Sing|Person[psor]=1	19	DAT	17
,	,	[Punct]	PUNCT	_	20	PUNCT	17
lxvi	lxvi	[/Adj][Nom]	ADJ	Case=Nom|Degree=Pos|Number=Sing	21	ATT	23
.	.	[Punct]	PUNCT	_	22	PUNCT	21
mert	mert	[/Cnj]	SCONJ	_	23	CONJ	17
már	már	[/Adv]	ADV	_	24	TLOCY	25
vágyakozik	vágyakozik	[/V][Prs.NDef.3Sg]	VERB	Definite=Ind|Mood=Ind|Number=Sing|Person=3|Tense=Pres|VerbForm=Fin|Voice=Act	25	ATT	23
bennem	én	[/N|Pro][Ine][1Sg]	PRON	Case=Ine|Number=Sing|Person=1|PronType=Prs	26	OBL	25
hazatérni	hazatér	[/V][Inf]	VERB	VerbForm=Inf|Voice=Act	27	INF	25
a	a	[/Det|Art.Def]	DET	Definite=Def|PronType=Art	28	DET	29
lélek	lélek	[/N][Nom]	NOUN	Case=Nom|Number=Sing	29	SUBJ	25
.	.	[Punct]	PUNCT	_	30	PUNCT	25
"	"	[Punct]	PUNCT	_	31	PUNCT	25
lxvii	lxvii	[/V][Inf]	VERB	VerbForm=Inf|Voice=Act	32	INF	25
.	.	[Punct]	PUNCT	_	33	PUNCT	0

#  ref: doc#2901
#  left_length: 24
#  kwic_length: 1
#  right_length: 8
#  sent: " Átreidész Meneláosz , Zeusz-sarj , nép fejedelme , lxv . engedj már , kérlek , szeretett földjére hazámnak , lxvi . mert már vágyakozik bennem hazatérni a lélek . " lxvii .
"	"	[Punct]	PUNCT	_	1	PUNCT	12
Átreidész	Átreidész	[/N][Nom]	PROPN	Case=Nom|Number=Sing	2	NE	3
Meneláosz	Meneláosz	[/N][Nom]	PROPN	Case=Nom|Number=Sing	3	APPEND	12
,	,	[Punct]	PUNCT	_	4	PUNCT	3
Zeusz-sarj	Zeusz-sarj	[/N][Nom]	PROPN	Case=Nom|Number=Sing	5	COORD	3
,	,	[Punct]	PUNCT	_	6	PUNCT	5
nép	nép	[/N][Nom]	NOUN	Case=Nom|Number=Sing	7	ATT	8
fejedelme	fejedelem	[/N][Poss.3Sg][Nom]	NOUN	Case=Nom|Number=Sing|Number[psor]=Sing|Person[psor]=3	8	COORD	5
,	,	[Punct]	PUNCT	_	9	PUNCT	8
lxv	lxv	[/N][Nom]	NOUN	Case=Nom|Number=Sing	10	COORD	8
.	.	[Punct]	PUNCT	_	11	PUNCT	3
engedj	enged	[/V][Sbjv.NDef.2Sg]	VERB	Definite=Ind|Mood=Imp|Number=Sing|Person=2|Tense=Pres|VerbForm=Fin|Voice=Act	12	ATT	15
már	már	[/Adv]	ADV	_	13	TLOCY	12
,	,	[Punct]	PUNCT	_	14	PUNCT	12
kérlek	kér	[/V][Prs.1Sg›2]	VERB	Definite=2|Mood=Ind|Number=Sing|Person=1|Tense=Pres|VerbForm=Fin|Voice=Act	15	ROOT	0
,	,	[Punct]	PUNCT	_	16	PUNCT	15
szeretett	szeret	[/V][Pst.NDef.3Sg]	VERB	Definite=Ind|Mood=Ind|Number=Sing|Person=3|Tense=Past|VerbForm=Fin|Voice=Act	17	ATT	15
földjére	föld	[/N][Poss.3Sg][Subl]	NOUN	Case=Sub|Number=Sing|Number[psor]=Sing|Person[psor]=3	18	OBL	17
hazámnak	haza	[/N][Poss.1Sg][Dat]	NOUN	Case=Dat|Number=Sing|Number[psor]=Sing|Person[psor]=1	19	DAT	17
,	,	[Punct]	PUNCT	_	20	PUNCT	17
lxvi	lxvi	[/Adj][Nom]	ADJ	Case=Nom|Degree=Pos|Number=Sing	21	ATT	23
.	.	[Punct]	PUNCT	_	22	PUNCT	21
mert	mert	[/Cnj]	SCONJ	_	23	CONJ	17
már	már	[/Adv]	ADV	_	24	TLOCY	25
vágyakozik	vágyakozik	[/V][Prs.NDef.3Sg]	VERB	Definite=Ind|Mood=Ind|Number=Sing|Person=3|Tense=Pres|VerbForm=Fin|Voice=Act	25	ATT	23
bennem	én	[/N|Pro][Ine][1Sg]	PRON	Case=Ine|Number=Sing|Person=1|PronType=Prs	26	OBL	25
hazatérni	hazatér	[/V][Inf]	VERB	VerbForm=Inf|Voice=Act	27	INF	25
a	a	[/Det|Art.Def]	DET	Definite=Def|PronType=Art	28	DET	29
lélek	lélek	[/N][Nom]	NOUN	Case=Nom|Number=Sing	29	SUBJ	25
.	.	[Punct]	PUNCT	_	30	PUNCT	25
"	"	[Punct]	PUNCT	_	31	PUNCT	25
lxvii	lxvii	[/V][Inf]	VERB	VerbForm=Inf|Voice=Act	32	INF	25
.	.	[Punct]	PUNCT	_	33	PUNCT	0

